CustomerID,churn_actual,churn_probability,CLTV,Monthly Charges,cost,value_saved,ev,realized
4376-KFVRS,0,0.0719,4842,114.05,141.86,1452.6,-115.7578,-141.86
2754-SDJRD,0,0.6534,5157,100.15,125.18,1547.1,127.5445,-125.18
9917-KWRBE,0,0.1065,2894,78.35,99.02,868.2,-75.9103,-99.02
0365-GXEZS,0,0.4078,2831,78.2,98.84,849.3,-12.2531,-98.84
9385-NXKDA,0,0.0414,4324,82.65,104.18,1297.2,-90.741,-104.18
4686-UXDML,0,0.5707,2113,99.85,124.82,633.9,-34.3729,-124.82
2227-JRSJX,0,0.4219,5324,99.15,123.98,1597.2,44.4692,-123.98
4830-FAXFM,0,0.0366,2378,24.1,33.92,713.4,-27.4006,-33.92
1830-IPXVJ,0,0.0024,6108,19.75,28.7,1832.4,-27.5853,-28.7
4690-LLKUA,1,0.3122,3797,45.05,59.06,1139.1,29.8472,225.715
5804-HYIEZ,0,0.1276,4583,106.05,132.26,1374.9,-88.4028,-132.26
2388-LAESQ,0,0.0749,4796,114.85,142.82,1438.8,-115.8781,-142.82
5533-RJFTJ,0,0.2032,5214,30.2,41.24,1564.2,38.2317,-41.24
4706-AXVKM,1,0.637,5118,84.8,106.76,1535.4,137.7369,277.09
0997-YTLNY,0,0.0312,3749,48.8,63.56,1124.7,-54.7947,-63.56
7971-HLVXI,0,0.0235,6202,84.5,106.4,1860.6,-95.472,-106.4
7337-CINUD,0,0.0093,5206,19.5,28.4,1561.8,-24.7832,-28.4
1379-FRVEB,0,0.2592,4602,91.0,114.2,1380.6,-24.7392,-114.2
4753-PADAS,0,0.2527,5027,105.7,131.84,1508.1,-36.5836,-131.84
5701-GUXDC,0,0.1083,2519,35.4,47.48,755.7,-27.0235,-47.48
7235-NXZCP,1,0.7504,5378,74.85,94.82,1613.4,207.8388,308.53
0668-OGMHD,0,0.2969,3766,28.5,39.2,1129.8,44.6647,-39.2
2812-REYAT,0,0.0458,5579,20.05,29.06,1673.7,-9.8962,-29.06
8779-YIQQA,0,0.0116,3243,19.8,28.76,972.9,-25.948,-28.76
9701-CDXHR,0,0.2608,5187,69.15,87.98,1556.1,13.4964,-87.98
7130-CTCUS,0,0.2184,3324,54.55,70.46,997.2,-16.024,-70.46
1894-IGFSG,1,0.5242,3161,89.25,112.1,948.3,12.1695,124.975
0871-URUWO,1,0.7097,2003,102.25,127.7,600.9,-21.0874,22.525
0057-QBUQH,0,0.0063,4797,25.1,35.12,1439.1,-32.859,-35.12
9611-CTWIH,1,0.8373,3591,89.45,112.34,1077.3,113.1773,156.985
8058-DMYRU,0,0.4612,5232,90.05,113.06,1569.6,67.9137,-113.06
5351-QESIO,0,0.1851,4276,24.2,34.04,1282.8,25.3069,-34.04
4302-ZYFEL,0,0.0056,5366,20.55,29.66,1609.8,-27.3887,-29.66
6134-KWTBV,0,0.0117,5822,23.4,33.08,1746.6,-27.9727,-33.08
2034-GDRCN,1,0.8412,4157,90.4,113.48,1247.1,148.7813,198.295
9544-PYPSJ,0,0.1166,5868,96.1,120.32,1760.4,-68.993,-120.32
4208-UFFGW,1,0.4168,5900,44.95,58.94,1770.0,125.4841,383.56
9537-JALFH,0,0.002,6058,19.9,28.88,1817.4,-27.9871,-28.88
4415-IJZTP,1,0.8114,2016,74.5,94.4,604.8,28.2912,56.8
4701-MLJPN,1,0.1836,2933,55.25,71.3,879.9,-30.9092,148.675
7515-LODFU,0,0.0072,4042,20.3,29.36,1212.6,-27.1896,-29.36
4927-WWOOZ,0,0.8787,4889,91.45,114.74,1466.7,207.4632,-114.74
4067-HLYQI,0,0.311,4860,70.4,89.48,1458.0,23.8946,-89.48
6184-DYUOB,0,0.3652,2941,19.6,28.52,882.3,52.0393,-28.52
9209-NWPGU,0,0.0496,5827,65.4,83.48,1748.1,-61.8145,-83.48
9851-KIELU,1,0.5337,5803,110.1,137.12,1740.9,95.1528,298.105
3199-XGZCY,0,0.664,2332,75.25,95.3,699.6,20.8407,-95.3
4226-KKDON,0,0.3612,3804,66.65,84.98,1141.2,18.0627,-84.98
1085-LDWAM,0,0.0056,5188,20.35,29.42,1556.4,-27.2225,-29.42
6825-UYPFK,1,0.3708,2115,75.6,95.72,634.5,-36.8991,62.905
1767-CJKBA,0,0.0104,6025,25.1,35.12,1807.5,-30.4149,-35.12
7181-BQYBV,1,0.8766,4811,102.45,127.94,1443.3,188.3483,232.885
0178-CIIKR,0,0.2395,5949,19.95,28.94,1784.7,77.9001,-28.94
4256-ZWTZI,0,0.1193,2789,51.0,66.2,836.7,-41.2415,-66.2
9537-VHDTA,0,0.0954,3699,51.2,66.44,1109.7,-39.9672,-66.44
2754-XBHTB,1,0.5595,3847,77.65,98.18,1154.1,63.2622,190.345
5975-BAICR,0,0.0226,2504,63.7,81.44,751.2,-77.2035,-81.44
3301-VKTGC,0,0.0271,4380,85.5,107.6,1314.0,-98.7108,-107.6
2877-VDUER,0,0.0261,5691,40.9,54.08,1707.3,-42.9602,-54.08
7717-BICXI,0,0.0025,4020,20.55,29.66,1206.0,-28.9101,-29.66
0562-FGDCR,0,0.0037,4703,74.55,94.46,1410.9,-93.1481,-94.46
3705-PSNGL,1,0.0418,5398,20.4,29.48,1619.4,-12.5541,375.37
0048-LUMLS,0,0.063,5263,91.2,114.44,1578.9,-89.5714,-114.44
6497-TILVL,0,0.0617,3097,50.7,65.84,929.1,-51.5113,-65.84
2108-YKQTY,1,0.3665,4930,50.7,65.84,1479.0,69.6838,303.91
3658-KIBGF,1,0.4747,2833,54.9,70.88,849.9,29.9805,141.595
5482-NUPNA,1,0.3024,5730,60.4,77.48,1719.0,52.4738,352.27
7410-KTVFV,1,0.2782,2815,49.55,64.46,844.5,-5.7284,146.665
9033-EOXWV,1,0.1979,4149,74.05,93.86,1244.7,-32.2857,217.315
8821-XNHVZ,1,0.7897,2943,80.05,101.06,882.9,73.2452,119.665
8224-KDLKN,0,0.0025,4275,25.0,35.0,1282.5,-34.1974,-35.0
4825-FUREZ,0,0.0211,5940,20.25,29.3,1782.0,-19.9118,-29.3
7534-BFESC,1,0.5403,2018,76.1,96.32,605.4,-14.5526,55.03
9138-EFSMO,0,0.0636,4237,78.95,99.74,1271.1,-79.5143,-99.74
4227-OJHAL,0,0.0157,4156,73.0,92.6,1246.8,-87.6999,-92.6
7279-NMVJC,0,0.0464,2093,19.9,28.88,627.9,-21.5926,-28.88
8591-TKMZH,0,0.022,4952,111.1,138.32,1485.6,-130.1312,-138.32
9283-LZQOH,1,0.5816,3687,74.4,94.28,1106.1,66.5472,182.245
3594-IVHJZ,0,0.3086,2606,20.45,29.54,781.8,30.7691,-29.54
1945-XISKS,0,0.0097,4994,19.65,28.58,1498.2,-24.9636,-28.58
4359-INNWN,0,0.0461,4828,20.05,29.06,1448.4,-12.3641,-29.06
7649-SIJJF,0,0.025,6045,80.1,101.12,1813.5,-89.8052,-101.12
9254-RBFON,1,0.291,5160,98.6,123.32,1548.0,-10.6913,263.68
0970-ETWGE,1,0.8444,4996,89.55,112.46,1498.8,203.9439,262.24
7762-ONLJY,0,0.0358,4122,19.7,28.64,1236.6,-17.5764,-28.64
6710-HSJRD,0,0.4837,5239,114.1,141.92,1571.7,48.119,-141.92
8873-GLDMH,0,0.722,4220,73.85,93.62,1266.0,134.8844,-93.62
9907-SWKKF,1,0.5345,4842,25.05,35.06,1452.6,159.0328,328.09
4658-HCOHW,1,0.5786,3123,102.8,128.36,936.9,7.1649,105.865
9330-VOFSZ,0,0.1258,5942,110.8,137.96,1782.6,-81.8892,-137.96
2860-RANUS,1,0.5488,3336,85.8,107.96,1000.8,29.3425,142.24
6234-PFPXL,0,0.3679,3207,95.9,120.08,962.1,-31.5983,-120.08
7205-BAIAD,0,0.0163,3091,20.6,29.72,927.3,-25.931,-29.72
3858-VOBET,1,0.5368,5897,74.95,94.94,1769.1,142.4564,347.335
5103-MHMHY,1,0.127,4563,45.95,60.14,1368.9,-16.6666,282.085
6119-SPUDB,0,0.0179,2653,38.25,50.9,795.9,-47.3385,-50.9
9389-ACWBI,0,0.2796,3850,69.95,88.94,1155.0,-8.2171,-88.94
3454-JFUBC,0,0.0101,6136,20.0,29.0,1840.8,-24.3306,-29.0
1768-ZAIFU,1,0.6956,5688,25.2,35.24,1706.4,261.503,391.36
7017-VFULY,0,0.3031,4158,20.1,29.12,1247.4,65.4104,-29.12
9221-OTIVJ,1,0.7039,2292,104.85,130.82,687.6,-9.8192,41.08
2482-CZGBB,1,0.5759,3156,70.0,89.0,946.8,47.3216,147.7
7018-WBJNK,0,0.1713,5566,78.3,98.96,1669.8,-27.4338,-98.96
3331-HQDTW,1,0.4078,3410,109.8,136.76,1023.0,-32.4749,118.99
4695-VADHF,1,0.3503,2989,57.45,73.94,896.7,4.5975,150.235
4086-WITJG,0,0.0018,4808,19.7,28.64,1442.4,-27.9797,-28.64
6297-NOOPG,0,0.1386,5979,110.5,137.6,1793.7,-75.47,-137.6
8777-PVYGU,0,0.0849,4405,64.3,82.16,1321.5,-54.1114,-82.16
4378-MYPGO,0,0.0169,5795,105.25,131.3,1738.5,-123.9604,-131.3
9313-CDOGY,0,0.0221,3854,19.6,28.52,1156.2,-22.1176,-28.52
4121-AGSIN,0,0.0488,4455,24.5,34.4,1336.5,-18.0985,-34.4
0432-CAJZV,0,0.7218,3953,90.7,113.84,1185.9,100.1423,-113.84
9097-ZUBYC,0,0.1931,2168,48.8,63.56,650.4,-32.1678,-63.56
9638-JIQYA,0,0.5964,4033,24.9,34.88,1209.9,145.5176,-34.88
1024-GUALD,1,0.745,4851,24.8,34.76,1455.3,236.2744,329.065
8024-XNAFQ,0,0.0439,5294,107.4,133.88,1588.2,-116.4693,-133.88
7587-RZNME,1,0.5699,4849,43.3,56.96,1454.7,150.2961,306.715
1346-UFHAX,0,0.4325,5577,80.0,101.0,1673.1,79.8933,-101.0
6374-NTQLP,0,0.0131,5092,104.1,129.92,1527.6,-124.9233,-129.92
6625-FLENO,0,0.0125,4927,20.75,29.9,1478.1,-25.2989,-29.9
7375-WMVMT,0,0.0568,6412,95.5,119.6,1923.6,-92.2627,-119.6
6910-HADCM,1,0.6926,5613,76.35,96.62,1683.9,194.932,324.355
7401-JIXNM,0,0.0373,5907,91.3,114.56,1772.1,-98.0255,-114.56
7338-ERIVA,0,0.0604,4003,45.05,59.06,1200.9,-40.9124,-59.06
5376-DEQCP,1,0.7579,4063,70.6,89.72,1218.9,141.2354,215.005
0909-SELIE,0,0.0326,4302,80.8,101.96,1290.6,-91.4458,-101.96
5419-KLXBN,1,0.4641,5853,89.15,111.98,1755.9,91.753,326.995
0365-TRTPY,0,0.2088,5135,91.2,114.44,1540.5,-34.0328,-114.44
6712-OAWRH,1,0.5903,5154,91.25,114.5,1546.2,113.6921,272.05
2428-ZMCTB,0,0.1251,3926,19.75,28.7,1177.8,8.123,-28.7
1963-VAUKV,1,0.2502,3663,20.4,29.48,1098.9,39.2495,245.245
9381-NDKME,1,0.4147,3843,40.65,53.78,1152.9,65.7353,234.445
3729-OWRVL,0,0.1043,4295,110.35,137.42,1288.5,-103.8315,-137.42
0895-LMRSF,0,0.1772,3314,64.9,82.88,994.2,-38.8315,-82.88
2676-SSLTO,0,0.0501,6138,66.15,84.38,1841.4,-61.3069,-84.38
8495-PRWFH,0,0.188,5831,55.65,71.78,1749.3,10.4538,-71.78
9030-QGZNL,0,0.0322,4249,20.85,30.02,1274.7,-19.7721,-30.02
9972-NKTFD,0,0.1,3185,54.65,70.58,955.5,-46.7041,-70.58
7998-WNZEM,0,0.0139,5447,80.6,101.72,1634.1,-96.0302,-101.72
0979-PHULV,1,0.4322,4020,99.45,124.34,1206.0,5.9567,177.16
6445-TNRXS,0,0.0178,5671,114.7,142.64,1701.3,-135.0789,-142.64
9586-JGQKH,0,0.1165,4512,105.4,131.48,1353.6,-92.0439,-131.48
3966-HRMZA,0,0.6048,3545,75.05,95.06,1063.5,65.7329,-95.06
5498-IBWPI,0,0.0104,5232,49.4,64.28,1569.6,-60.2157,-64.28
6823-SIDFQ,0,0.0341,5327,18.25,26.9,1598.1,-13.2672,-26.9
2323-ARSVR,0,0.0834,6103,111.05,138.26,1830.9,-100.0891,-138.26
5468-BPMMO,0,0.0799,5092,19.6,28.52,1527.6,2.0032,-28.52
0486-HECZI,1,0.1369,5154,96.75,121.1,1546.2,-68.1676,265.45
2178-PMGCJ,0,0.3724,4838,69.7,88.64,1451.4,46.4716,-88.64
4660-IRIBM,0,0.1458,5192,87.9,110.48,1557.6,-53.7034,-110.48
9674-EHPPG,0,0.024,2519,40.4,53.48,755.7,-48.938,-53.48
5606-AMZBO,0,0.5549,3403,78.15,98.78,1020.9,42.8478,-98.78
0665-XHDJU,0,0.1672,6022,99.4,124.28,1806.6,-48.7658,-124.28
5402-HTOTQ,0,0.2859,3771,55.3,71.36,1131.3,9.5081,-71.36
8258-GSTJK,1,0.8098,3128,77.0,97.4,938.4,92.5714,137.2
3787-TRIAL,0,0.1429,4302,26.05,36.26,1290.6,9.8462,-36.26
6175-IRFIT,0,0.6522,2610,78.75,99.5,783.0,28.1609,-99.5
6317-YPKDH,1,0.497,4534,29.95,40.94,1360.2,128.0784,299.11
5692-FPTAH,1,0.4929,2168,45.4,59.48,650.4,20.6588,103.12
5373-SFODM,1,0.5165,3041,85.25,107.3,912.3,10.5043,120.775
0868-VJRDR,0,0.0636,4337,104.05,129.86,1301.1,-109.1575,-129.86
4079-VTGLK,0,0.1424,5610,74.85,94.82,1683.0,-34.9169,-94.82
1166-PQLGG,0,0.0018,4424,19.55,28.46,1327.2,-27.8599,-28.46
5296-BFCYD,0,0.0038,3392,20.1,29.12,1017.6,-28.1421,-29.12
6568-POCUI,0,0.1139,3363,95.2,119.24,1008.9,-90.5029,-119.24
2839-RFSQE,1,0.245,3845,20.65,29.78,1153.5,40.8619,258.595
2188-SXWVT,0,0.0405,4027,55.0,71.0,1208.1,-58.7748,-71.0
8849-GYOKR,1,0.2032,4893,106.55,132.86,1467.9,-58.2891,234.115
3623-FQBOX,0,0.1114,3632,19.95,28.94,1089.6,1.3995,-28.94
2649-HWLYB,0,0.0239,6177,76.15,96.38,1853.1,-85.3265,-96.38
0599-XNYDO,0,0.458,5456,69.8,88.76,1636.8,98.6715,-88.76
2514-GINMM,1,0.8032,4490,79.5,100.4,1347.0,170.063,236.35
8401-EMUWF,0,0.0491,4701,69.4,88.28,1410.3,-70.9706,-88.28
5766-ZJYBB,1,0.2498,4152,19.4,28.28,1245.6,49.4962,283.12
2604-IJPDU,0,0.4384,4382,96.55,120.86,1314.6,23.2298,-120.86
2501-XWWTZ,0,0.4896,2535,70.2,89.24,760.5,3.8433,-89.24
6370-ZVHDV,0,0.016,4501,25.3,35.36,1350.3,-29.9484,-35.36
3027-YNWZU,0,0.0146,5538,25.0,35.0,1661.4,-28.9535,-35.0
4526-ZJJTM,0,0.398,4849,88.4,111.08,1454.7,33.6569,-111.08
0440-QEXBZ,0,0.167,5790,50.15,65.18,1737.0,7.3257,-65.18
0330-IVZHA,1,0.7305,2969,69.95,88.94,890.7,73.7332,133.735
9758-MFWGD,0,0.0174,2617,29.9,40.88,785.1,-37.4718,-40.88
4229-CZMLL,1,0.7906,4160,74.9,94.88,1248.0,151.78,217.12
0742-MOABM,1,0.3937,3394,50.05,65.06,1018.2,35.1501,189.49
4277-BWBML,0,0.0018,5092,19.95,28.94,1527.6,-28.2514,-28.94
5136-GFPMB,0,0.3144,5871,89.4,112.28,1761.3,26.1552,-112.28
7520-HQWJU,0,0.0266,4172,67.45,85.94,1251.6,-77.621,-85.94
6304-IJFSQ,1,0.4491,5585,49.9,64.88,1675.5,123.2475,353.995
0297-RBCSG,0,0.1087,2051,65.35,83.42,615.3,-66.6997,-83.42
6013-BHCAW,0,0.0142,4151,81.0,102.2,1245.3,-97.7732,-102.2
4402-FTBXC,0,0.1908,4980,89.8,112.76,1494.0,-41.4853,-112.76
1471-GIQKQ,0,0.4753,5230,49.95,64.94,1569.0,121.5065,-64.94
4283-FUTGF,1,0.5705,3715,79.85,100.82,1114.5,58.1422,177.805
9548-LERKT,0,0.0238,3455,19.75,28.7,1036.5,-22.5328,-28.7
8059-UDZFY,0,0.175,4738,105.35,131.42,1421.4,-69.2431,-131.42
0410-IPFTY,0,0.4302,4283,83.85,105.62,1284.9,32.5749,-105.62
2478-EEWWM,0,0.3998,5905,44.3,58.16,1771.5,118.8853,-58.16
4619-EVPHY,0,0.4233,3748,91.0,114.2,1124.4,4.7975,-114.2
2277-DJJDL,0,0.5227,4763,99.0,123.8,1428.9,62.9145,-123.8
2911-WDXMV,0,0.1581,5334,80.55,101.66,1600.2,-38.43,-101.66
3639-XJHKQ,0,0.0526,2463,60.6,77.72,738.9,-68.0024,-77.72
8173-RXAYP,0,0.005,4642,19.7,28.64,1392.6,-26.8839,-28.64
4537-CIBHB,0,0.0185,4272,20.25,29.3,1281.6,-23.3624,-29.3
5442-BXVND,0,0.0246,5531,24.25,34.1,1659.3,-23.8899,-34.1
2308-STERM,0,0.2446,5816,19.4,28.28,1744.8,78.4079,-28.28
7159-NOKYQ,0,0.1451,4001,93.15,116.78,1200.3,-73.2253,-116.78
6075-QMNRR,0,0.1015,6334,49.75,64.7,1900.2,-16.4835,-64.7
3694-GLTJM,0,0.291,2878,19.65,28.58,863.4,34.2228,-28.58
9629-NHXFW,0,0.1113,3160,19.4,28.28,948.0,-1.8907,-28.28
7167-PCEYD,0,0.01,4260,19.8,28.76,1278.0,-25.5598,-28.76
2748-MYRVK,1,0.1707,4776,99.9,124.88,1432.8,-63.738,233.32
4223-WOZCM,0,0.414,5251,49.95,64.94,1575.3,98.1008,-64.94
6946-LMSQS,1,0.4121,2673,89.05,111.86,801.9,-29.2485,88.615
5469-NUJUR,0,0.0283,2831,19.95,28.94,849.3,-22.9224,-28.94
6388-TABGU,0,0.026,4529,56.15,72.38,1358.7,-63.5649,-72.38
1261-FWTTE,0,0.3568,2307,34.65,46.58,692.1,15.1605,-46.58
8590-YFFQO,0,0.01,5669,64.95,82.94,1700.7,-78.6808,-82.94
0082-OQIQY,0,0.4893,4561,94.2,118.04,1368.3,49.3367,-118.04
9465-RWMXL,1,0.5466,5949,78.9,99.68,1784.7,144.2131,346.495
2930-UOTMB,1,0.1022,4403,65.25,83.3,1320.9,-49.5655,246.925
9128-CPXKI,0,0.1094,5470,95.8,119.96,1641.0,-75.0926,-119.96
0484-FFVBJ,0,0.1449,4895,64.85,82.82,1468.5,-29.6195,-82.82
1100-DDVRV,0,0.4936,5575,49.8,64.76,1672.5,141.6294,-64.76
9313-QOLTZ,0,0.0741,5895,20.9,30.08,1768.5,2.663,-30.08
3338-CVVEH,0,0.6937,5674,94.55,118.46,1702.2,176.7442,-118.46
1131-SUEKT,0,0.0432,4000,98.45,123.14,1200.0,-110.1887,-123.14
7602-DBTOU,0,0.0086,4890,19.6,28.52,1467.0,-25.3532,-28.52
1385-TQOZW,0,0.1684,2392,20.45,29.54,717.6,0.6726,-29.54
6892-XPFPU,1,0.7086,2104,104.25,130.1,631.2,-18.2811,27.7
4115-NZRKS,0,0.7269,2415,89.15,111.98,724.5,19.6815,-111.98
5514-YQENT,0,0.0207,5038,111.15,138.38,1511.4,-130.5664,-138.38
6319-IEJWJ,1,0.6804,2058,90.2,113.24,617.4,-8.2233,41.11
8849-AYPTR,0,0.5266,3296,91.25,114.5,988.8,15.6791,-114.5
5893-PYOLZ,0,0.0364,4399,81.8,103.16,1319.7,-91.1511,-103.16
7180-PISOG,1,0.8512,5554,74.5,94.4,1666.2,260.1623,322.15
8443-ZRDBZ,1,0.7996,3685,76.05,96.26,1105.5,124.7334,180.115
9079-YEXQJ,1,0.3761,5527,111.1,138.32,1658.1,17.5681,276.205
3780-YVMFA,0,0.1883,3123,68.55,87.26,936.9,-43.1455,-87.26
6968-MHOMU,0,0.1831,5006,45.0,59.0,1501.8,9.7319,-59.0
0899-LIIBW,0,0.5993,5891,100.85,126.02,1767.3,138.7721,-126.02
3677-IYRBF,1,0.6874,4002,30.4,41.48,1200.6,164.8349,258.67
8393-DLHGA,1,0.5591,2241,95.9,120.08,672.3,-26.1026,47.995
7691-XVTZH,0,0.1124,5672,89.95,112.94,1701.6,-65.117,-112.94
5360-LJCNJ,0,0.1259,5707,105.15,131.18,1712.1,-77.3056,-131.18
3891-PUQOD,1,0.2168,5020,59.2,76.04,1506.0,5.6008,300.46
0952-KMEEH,1,0.4914,5525,98.15,122.78,1657.5,80.8343,291.595
4919-IKATY,1,0.787,5141,84.5,106.4,1542.3,197.0492,279.175
9746-UGFAC,0,0.0406,3171,20.85,30.02,951.3,-20.3588,-30.02
9108-EQPNQ,0,0.0119,3179,26.1,36.32,953.7,-33.4823,-36.32
0531-ZZJWQ,0,0.4765,4958,74.0,93.8,1487.4,83.3929,-93.8
8763-KIAFH,0,0.0626,2269,20.55,29.66,680.7,-19.0153,-29.66
5863-OOKCL,0,0.1242,5949,18.85,27.62,1784.7,27.812,-27.62
2958-NHPPS,0,0.1108,4263,20.85,30.02,1278.9,5.396,-30.02
9530-GRMJG,0,0.0145,5568,84.1,105.92,1670.4,-99.8665,-105.92
1809-DMJHQ,1,0.1153,4846,46.0,60.2,1453.8,-18.2861,303.25
0164-XAIRP,0,0.0251,2511,19.55,28.46,753.3,-23.7295,-28.46
2926-JEJJC,0,0.0902,5066,20.2,29.24,1519.8,5.0329,-29.24
1169-WCVAK,0,0.3661,4600,88.8,111.56,1380.0,14.7306,-111.56
1217-VASWC,0,0.2633,4499,100.55,125.66,1349.7,-36.8126,-125.66
2452-KDRRH,0,0.387,5269,101.4,126.68,1580.7,26.2588,-126.68
6402-EJMWF,0,0.5439,3684,55.3,71.36,1105.2,78.9217,-71.36
7663-CUXZB,0,0.1004,6251,113.75,141.5,1875.3,-94.4241,-141.5
4312-KFRXN,0,0.0117,5512,25.4,35.48,1653.6,-30.6593,-35.48
3011-WQKSZ,0,0.0381,5188,20.0,29.0,1556.4,-14.1619,-29.0
9747-DDZOS,1,0.6096,4378,73.5,93.2,1313.4,106.9668,235.15
2091-MJTFX,1,0.0811,4568,51.2,66.44,1370.4,-38.6666,276.16
0388-EOPEX,1,0.7455,4263,74.4,94.28,1278.9,144.0771,225.445
3161-ONRWK,0,0.0375,4053,65.85,84.02,1215.9,-72.6307,-84.02
2587-EKXTS,0,0.4377,2827,111.5,138.8,848.1,-46.0032,-138.8
9752-ZNQUT,0,0.5544,3704,48.6,63.32,1111.2,90.6974,-63.32
9572-WUKSB,0,0.6752,4416,29.9,40.88,1324.8,182.7562,-40.88
3836-FZSDJ,0,0.0126,4367,24.85,34.82,1310.1,-30.6879,-34.82
8805-JNRAZ,0,0.3781,2342,49.2,64.04,702.6,2.3685,-64.04
3069-SSVSN,0,0.3425,4467,25.85,36.02,1340.1,78.7386,-36.02
8015-IHCGW,0,0.0229,4017,115.5,143.6,1205.1,-136.6952,-143.6
8132-YPVBX,0,0.6919,3291,85.95,108.14,987.3,62.6454,-108.14
0235-KGSLC,1,0.7373,3967,85.55,107.66,1190.1,111.7023,189.865
1302-UHBDD,0,0.5469,4812,89.95,112.94,1443.6,84.4496,-112.94
3722-WPXTK,1,0.8441,4254,88.35,111.02,1276.2,158.2811,208.03
7531-GQHME,0,0.1191,4996,20.05,29.06,1498.8,15.5596,-29.06
1335-NTIUC,0,0.4913,5473,24.95,34.94,1641.9,166.7421,-34.94
9367-TCUYN,0,0.1185,5179,20.1,29.12,1553.7,16.9132,-29.12
1536-HBSWP,0,0.5137,4667,49.9,64.88,1400.1,114.9418,-64.88
8573-JGCZW,0,0.0629,4774,19.65,28.58,1432.2,-6.0691,-28.58
2694-CIUMO,0,0.481,3445,79.55,100.46,1033.5,23.8143,-100.46
2027-FECZV,1,0.7341,2406,106.7,133.04,721.8,-0.5739,47.41
9103-TCIHJ,1,0.2427,4519,55.7,71.84,1355.7,10.4206,267.085
1545-JFUML,0,0.0991,5295,99.0,123.8,1588.5,-84.4445,-123.8
0524-IAVZO,1,0.6338,3698,85.0,107.0,1109.4,68.7801,170.35
5519-TEEUH,0,0.0087,5759,20.15,29.18,1727.7,-25.4172,-29.18
6654-QGBZZ,0,0.25,5057,19.9,28.88,1517.1,65.927,-28.88
2294-DMMUS,0,0.0753,5057,70.45,89.54,1517.1,-60.9621,-89.54
0017-IUDMW,0,0.0161,6252,116.8,145.16,1875.6,-137.6199,-145.16
5018-LXQQG,0,0.031,4631,66.3,84.56,1389.3,-73.7912,-84.56
5808-TOTXO,0,0.0408,2774,20.55,29.66,832.2,-21.1643,-29.66
1174-FGIFN,0,0.1183,5823,90.45,113.54,1746.9,-61.8943,-113.54
0730-KOAVE,0,0.3673,4219,94.3,118.16,1265.7,-1.924,-118.16
1218-VKFPE,1,0.1514,3535,19.0,27.8,1060.5,12.3268,237.325
5313-FPXWG,0,0.0453,4886,24.6,34.52,1465.8,-17.9166,-34.52
2834-JKOOW,0,0.0756,3572,45.9,60.08,1071.6,-39.8353,-60.08
9430-NKQLY,0,0.0034,4185,25.1,35.12,1255.5,-34.0456,-35.12
0363-QJVFX,1,0.3559,2541,108.15,134.78,762.3,-66.9609,55.795
1658-TJVOA,0,0.673,4716,74.1,93.92,1414.8,144.112,-93.92
6685-GBWJZ,0,0.0334,5114,70.8,89.96,1534.2,-77.1521,-89.96
6328-ZPBGN,1,0.6982,4074,95.15,119.18,1222.2,94.1503,186.37
4003-FUSHP,0,0.222,5831,61.55,78.86,1749.3,18.2338,-78.86
7690-KPNCU,0,0.0834,4515,73.05,92.66,1354.5,-64.4078,-92.66
2969-WGHQO,0,0.0496,3334,69.45,88.34,1000.2,-75.9476,-88.34
1855-CFULU,0,0.2423,3460,20.05,29.06,1038.0,33.8159,-29.06
9788-YTFGE,0,0.176,3331,19.95,28.94,999.3,15.0183,-28.94
8266-VBFQL,0,0.7412,3314,90.4,113.48,994.2,70.7451,-113.48
2325-NBPZG,0,0.6823,5125,74.55,94.46,1537.5,167.7809,-94.46
9906-NHHVC,0,0.0576,5693,53.5,69.2,1707.9,-44.5942,-69.2
2541-YGPKE,0,0.0107,3764,63.7,81.44,1129.2,-78.4091,-81.44
5049-MUBWG,0,0.0736,4705,75.0,95.0,1411.5,-69.0398,-95.0
2332-TODQS,0,0.0272,3642,25.05,35.06,1092.6,-27.6387,-35.06
4419-UJMUS,0,0.0368,4637,99.35,124.22,1391.1,-111.4387,-124.22
2233-TXSIU,0,0.0409,3522,44.45,58.34,1056.6,-47.5461,-58.34
6770-XUAGN,1,0.469,3753,21.0,30.2,1125.9,101.8199,251.275
2919-HBCJO,1,0.6421,4580,76.65,96.98,1374.0,123.5882,246.52
9508-ILZDG,0,0.4484,5425,96.35,120.62,1627.5,61.8224,-120.62
5442-BHQNG,0,0.6887,3430,70.35,89.42,1029.0,87.7605,-89.42
7250-EQKIY,1,0.1607,2426,50.45,65.54,727.8,-36.3003,116.41
6838-HVLXG,0,0.1186,4177,20.3,29.36,1253.1,7.8035,-29.36
9767-FFLEM,0,0.2803,4591,69.5,88.4,1377.3,8.1301,-88.4
2245-ADZFJ,0,0.0694,3491,80.55,101.66,1047.3,-83.5006,-101.66
1150-WFARN,1,0.0881,5516,108.75,135.5,1654.8,-99.0479,278.2
9054-FOWNV,0,0.2984,5585,88.75,111.5,1675.5,13.4857,-111.5
7997-EASSD,0,0.1489,6063,81.2,102.44,1818.9,-34.7322,-102.44
7560-QJAVJ,0,0.0151,5474,79.6,100.52,1642.2,-94.311,-100.52
2668-TZSPS,0,0.2502,2664,20.45,29.54,799.2,20.4492,-29.54
9139-WQQDY,1,0.2818,4235,100.45,125.54,1270.5,-36.0482,192.085
6726-NNFWD,0,0.0544,6004,89.45,112.34,1801.2,-87.8387,-112.34
9330-DHBFL,0,0.0721,2072,66.25,84.5,621.6,-73.3004,-84.5
5727-MYATE,0,0.007,5028,90.8,113.96,1508.4,-111.3143,-113.96
2824-DXNKN,0,0.0076,5656,71.45,90.74,1696.8,-87.5351,-90.74
6166-ILMNY,1,0.6065,5667,69.75,88.7,1700.1,169.0988,336.325
5236-XMZJY,0,0.0678,3048,59.65,76.58,914.4,-61.0835,-76.58
1709-EJDOX,0,0.0027,3843,19.75,28.7,1152.9,-27.9202,-28.7
4962-CHQPW,0,0.0071,2941,19.85,28.82,882.3,-27.2632,-28.82
0301-FIDRB,0,0.0076,6107,63.8,81.56,1832.1,-78.0738,-81.56
1820-TQVEV,1,0.7575,3042,69.55,88.46,912.6,84.3622,139.69
9115-YQHGA,0,0.151,3355,51.1,66.32,1006.5,-28.3319,-66.32
1541-ETJZO,1,0.4209,2937,62.05,79.46,881.1,13.2534,140.815
6230-BSUXY,1,0.8103,2650,85.0,107.0,795.0,54.0526,91.75
6797-LNAQX,1,0.0962,4794,98.3,122.96,1438.2,-88.3878,236.59
9588-YRFHY,0,0.0166,5240,19.9,28.88,1572.0,-22.3459,-28.88
1092-GANHU,1,0.4947,3182,76.65,96.98,954.6,21.0848,141.67
5951-AOFIH,0,0.1882,3843,66.4,84.68,1152.9,-30.4251,-84.68
7029-RPUAV,1,0.6944,5508,100.45,125.54,1652.4,161.3268,287.56
4700-UBQMV,0,0.0592,3503,75.9,96.08,1050.9,-80.5364,-96.08
3594-UVONA,1,0.1059,3833,85.95,108.14,1149.9,-77.6858,179.335
7750-EYXWZ,0,0.2623,3740,60.65,77.78,1122.0,-4.2155,-77.78
7054-ENNGU,0,0.2697,4623,50.85,66.02,1386.9,27.4789,-66.02
0402-OAMEN,0,0.0025,5335,24.45,34.34,1600.5,-33.3404,-34.34
2195-VVRJF,0,0.2825,2422,59.1,75.92,726.6,-24.6039,-75.92
8819-ZBYNA,0,0.0996,4935,109.1,135.92,1480.5,-99.0398,-135.92
7748-UMTRK,0,0.2192,2440,101.3,126.56,732.0,-86.4496,-126.56
1741-WTPON,0,0.0173,4937,115.85,144.02,1481.1,-137.6241,-144.02
7209-JCUDS,1,0.7028,2832,94.9,118.88,849.6,30.3862,93.52
2485-ITVKB,1,0.791,2643,35.1,47.12,792.9,109.6846,151.105
9648-BCHKM,0,0.0114,5231,24.65,34.58,1569.3,-30.1083,-34.58
0743-HRVFF,0,0.0581,4132,56.15,72.38,1239.6,-54.3702,-72.38
2522-AHJXR,0,0.3484,4350,109.45,136.34,1305.0,-22.681,-136.34
9143-CANJF,0,0.038,2200,55.15,71.18,660.0,-64.9123,-71.18
1444-VVSGW,1,0.1117,5563,115.65,143.78,1668.9,-97.1741,273.445
6898-MDLZW,0,0.2091,5385,53.75,69.5,1615.5,14.9306,-69.5
0074-HDKDG,0,0.0909,3807,61.6,78.92,1142.1,-52.9555,-78.92
3982-JGSFD,0,0.0375,3526,20.35,29.42,1057.8,-19.4949,-29.42
7928-VJYAB,0,0.3167,2004,90.6,113.72,601.2,-66.1222,-113.72
1522-VVDMG,1,0.6318,3807,89.75,112.7,1142.1,67.6995,172.825
2665-NPTGL,0,0.6452,3114,98.1,122.72,934.2,27.9736,-122.72
8728-SKJLR,0,0.282,3277,74.25,94.1,983.1,-24.7915,-94.1
7733-UDMTP,0,0.3295,4622,55.0,71.0,1386.6,43.234,-71.0
0431-APWVY,1,0.3645,5958,90.1,113.12,1787.4,49.778,333.73
5081-NWSUP,0,0.113,4883,64.9,82.88,1464.9,-41.4816,-82.88
2746-DIJLO,0,0.0848,2994,56.3,72.56,898.2,-53.526,-72.56
7277-OZCGZ,0,0.3859,5479,89.05,111.86,1643.7,46.7331,-111.86
5236-PERKL,1,0.103,4738,112.95,140.54,1421.4,-103.9364,214.81
2788-CJQAQ,0,0.0509,3799,19.45,28.34,1139.7,-13.8327,-28.34
3096-WPXBT,0,0.0429,4804,100.7,125.84,1441.2,-110.3727,-125.84
9962-BFPDU,0,0.0835,5811,20.05,29.06,1743.3,7.3207,-29.06
2892-GESUL,0,0.006,2269,19.35,28.22,680.7,-27.2062,-28.22
9741-YLNTD,0,0.7244,2684,87.95,110.54,805.2,35.2858,-110.54
1205-WNWPJ,1,0.3101,4661,59.5,76.4,1398.3,31.9998,273.175
3173-NVMPX,0,0.127,4291,55.3,71.36,1287.3,-30.4849,-71.36
9661-MHUMO,1,0.1726,4478,49.25,64.1,1343.4,-6.1201,271.75
6000-APYLU,1,0.6506,3890,80.8,101.96,1167.0,87.8561,189.79
0048-PIHNL,0,0.0336,6061,20.45,29.54,1818.3,-14.2486,-29.54
9420-LOJKX,1,0.1448,2966,99.1,123.92,889.8,-91.7005,98.53
7061-OVMIM,0,0.0429,5203,19.55,28.46,1560.9,-11.7127,-28.46
5671-RQRLP,0,0.0855,4181,75.65,95.78,1254.3,-68.9561,-95.78
5129-JLPIS,0,0.4363,5822,105.5,131.6,1746.6,58.8974,-131.6
5170-PTRKA,0,0.0812,4865,35.8,47.96,1459.5,-18.3481,-47.96
4819-HJPIW,0,0.248,2675,25.15,35.18,802.5,14.5829,-35.18
8780-RSYYU,0,0.1016,2159,19.2,28.04,647.7,-11.5825,-28.04
2335-GSODA,0,0.0071,2327,40.1,53.12,698.1,-51.8826,-53.12
5696-CEIQJ,0,0.013,4376,103.15,128.78,1312.8,-124.5177,-128.78
6169-PPETC,0,0.0039,2009,20.5,29.6,602.7,-29.019,-29.6
4237-RLAQD,1,0.4931,5930,45.85,60.02,1779.0,159.288,384.73
7359-WWYJV,0,0.0531,6274,114.45,142.34,1882.2,-117.3585,-142.34
8620-RJPZN,0,0.3254,3061,20.7,29.84,918.3,44.8524,-29.84
7426-WEIJX,0,0.1077,6214,80.95,102.14,1864.2,-51.9673,-102.14
7629-WIXZF,0,0.2292,4770,59.1,75.92,1431.0,6.0808,-75.92
2616-FLVQC,0,0.0079,6036,19.55,28.46,1810.8,-24.8814,-28.46
9163-GHAYE,0,0.2287,5584,48.85,63.62,1675.2,32.1531,-63.62
4464-JCOLN,1,0.1683,2362,19.85,28.82,708.6,0.9879,148.33
2971-SGAFL,0,0.4591,5631,78.75,99.5,1689.3,94.3866,-99.5
4735-ASGMA,1,0.6533,4997,98.35,123.02,1499.1,121.8126,251.755
5245-VDBUR,0,0.0718,5509,35.45,47.54,1652.7,-17.8772,-47.54
1493-AMTIE,1,0.3169,5394,20.2,29.24,1618.2,98.9575,375.31
1112-CUNAO,1,0.5639,2668,89.85,112.82,800.4,0.0126,87.28
7571-YXDAD,1,0.6787,2078,74.9,94.88,623.4,10.8935,60.97
8714-EUHJO,1,0.6023,5219,91.15,114.38,1565.7,121.3769,277.045
9040-KZVWO,0,0.1426,5184,75.5,95.6,1555.2,-40.1381,-95.6
6713-OKOMC,0,0.255,2013,29.75,40.7,603.9,-2.1991,-40.7
8749-CLJXC,0,0.25,2067,20.05,29.06,620.1,9.7011,-29.06
4713-LZDRV,1,0.8078,4322,79.6,100.52,1296.6,161.3431,223.63
6598-RFFVI,1,0.1329,2279,19.3,28.16,683.7,-5.4495,142.765
7470-MCQTK,1,0.5494,2655,48.75,63.5,796.5,45.8998,135.625
5524-KHNJP,0,0.1028,5344,74.75,94.7,1603.2,-53.515,-94.7
1707-HABPF,0,0.1566,3191,91.3,114.56,957.3,-77.0724,-114.56
4581-LNWUM,0,0.4888,3000,49.15,63.98,900.0,45.993,-63.98
9710-ZUSHQ,1,0.4064,5849,106.75,133.1,1754.7,45.1987,305.575
1697-LYYYX,0,0.0051,4376,19.1,27.92,1312.8,-26.2518,-27.92
4013-GUXND,0,0.2503,3678,20.8,29.96,1103.4,39.0965,-29.96
5022-JNQEQ,0,0.2235,4843,75.85,96.02,1452.9,-14.85,-96.02
4983-CCWMC,0,0.6717,5487,69.6,88.52,1646.1,187.9128,-88.52
6345-FZOQH,0,0.0091,5570,19.9,28.88,1671.0,-25.0646,-28.88
0962-CQPWQ,0,0.0024,4574,20.3,29.36,1372.2,-28.5381,-29.36
5495-GPSRW,0,0.0276,2120,19.7,28.64,636.0,-24.2556,-28.64
2252-JHJGE,0,0.2016,4344,104.0,129.8,1303.2,-64.1173,-129.8
7356-AYNJP,0,0.2227,5685,23.9,33.68,1705.5,61.2893,-33.68
2019-HDCZY,0,0.1705,4004,102.6,128.12,1201.2,-76.9226,-128.12
8582-KRHPJ,0,0.1387,5629,35.0,47.0,1688.7,11.5534,-47.0
2867-UIMSS,1,0.7515,2734,80.5,101.6,820.2,52.4944,103.45
3487-EARAT,0,0.0282,6325,74.1,93.92,1897.5,-80.5304,-93.92
9926-PJHDQ,0,0.0629,5120,76.8,97.16,1536.0,-72.991,-97.16
0289-IVARM,0,0.1115,3463,60.55,77.66,1038.9,-48.7109,-77.66
4672-FOTSD,0,0.2789,4334,67.25,85.7,1300.2,4.9469,-85.7
6198-PNNSZ,0,0.1929,5648,109.8,136.76,1694.4,-55.0514,-136.76
7603-USHJS,1,0.2021,2010,73.75,93.5,603.0,-63.0363,57.25
6784-XYJAE,0,0.1095,4770,55.8,71.96,1431.0,-32.7768,-71.96
3858-XHYJO,0,0.2338,4078,105.75,131.9,1223.4,-60.3949,-131.9
1087-UDSIH,1,0.3021,5000,19.6,28.52,1500.0,84.7793,346.48
7251-LJBQN,0,0.2523,3568,103.75,129.5,1070.4,-61.9765,-129.5
3200-MNQTF,0,0.015,4361,70.9,90.08,1308.3,-85.1692,-90.08
9359-UGBTK,0,0.0356,4910,72.35,91.82,1473.0,-78.6981,-91.82
8160-HOWOX,0,0.5364,4858,66.85,85.22,1457.4,110.2242,-85.22
0258-NOKBL,0,0.7163,5625,90.4,113.48,1687.5,188.7018,-113.48
2800-QQUSO,0,0.4882,3286,100.3,125.36,985.8,-5.0376,-125.36
2129-ALKBS,0,0.0396,2211,26.2,36.44,663.3,-29.871,-36.44
9972-VAFJJ,0,0.2258,6355,94.0,117.8,1906.5,-10.1936,-117.8
4693-VWVBO,0,0.3125,3889,19.55,28.46,1166.7,62.6812,-28.46
6969-MVBAI,0,0.7224,2893,90.1,113.12,867.9,43.6226,-113.12
4821-WQOYN,0,0.0025,4603,20.1,29.12,1380.9,-28.2695,-29.12
6769-DYBQN,1,0.2531,2097,85.0,107.0,629.1,-67.1909,50.275
4018-PPNDW,0,0.0217,5970,24.1,33.92,1791.0,-24.2042,-33.92
6288-CHQJB,0,0.023,5077,69.95,88.94,1523.1,-80.1947,-88.94
4905-JEFDW,1,0.3609,3119,41.6,54.92,935.7,29.4946,179.005
0559-CKHUS,0,0.0287,5758,19.55,28.46,1727.4,-16.0715,-28.46
2659-VXMWZ,1,0.2637,4146,111.3,138.56,1243.8,-56.5595,172.39
6559-RAKOZ,0,0.1195,4301,97.95,122.54,1290.3,-83.9834,-122.54
8809-XKHMD,0,0.0553,6082,100.55,125.66,1824.6,-100.4481,-125.66
6365-HITVU,0,0.0038,4135,87.25,109.7,1240.5,-108.5147,-109.7
0134-XWXCE,0,0.0651,3253,74.85,94.82,975.9,-78.9351,-94.82
9720-JJJOR,0,0.0609,4565,60.3,77.36,1369.5,-56.5185,-77.36
2782-LFZVW,0,0.4276,3880,58.95,75.74,1164.0,48.6887,-75.74
6112-KTHFQ,0,0.1359,5917,19.3,28.16,1775.1,32.1642,-28.16
9220-ZNKJI,0,0.0677,4291,88.8,111.56,1287.3,-89.7566,-111.56
9820-RMCQV,1,0.1762,4444,48.55,63.26,1333.2,-4.5295,270.04
9013-AQORL,0,0.0351,4106,45.55,59.66,1231.8,-48.8532,-59.66
2040-OBMLJ,0,0.1448,4850,81.7,103.04,1455.0,-50.3637,-103.04
5574-NXZIU,0,0.0368,4273,109.2,136.04,1281.9,-124.2372,-136.04
5446-DKWYW,0,0.0417,6238,65.2,83.24,1871.4,-63.741,-83.24
0480-KYJVA,0,0.0025,5897,24.25,34.1,1769.1,-33.006,-34.1
1074-AMIOH,0,0.1068,5989,108.25,134.9,1796.7,-86.9333,-134.9
0015-UOCOJ,0,0.3304,5525,48.2,62.84,1657.5,74.0587,-62.84
0256-LTHVJ,1,0.5686,5201,81.05,102.26,1560.3,119.5447,287.815
4547-LYTDD,1,0.5025,2850,72.65,92.18,855.0,15.2254,121.57
1077-HUUJM,0,0.2329,4668,71.05,90.26,1400.4,-8.7305,-90.26
2041-JIJCI,0,0.6729,4421,64.0,81.8,1326.3,141.3109,-81.8
1555-HAPSU,0,0.0025,5471,23.9,33.68,1641.3,-32.6401,-33.68
4323-SADQS,1,0.1332,3520,34.5,46.4,1056.0,-11.247,217.6
3292-PBZEJ,0,0.6889,3175,111.4,138.68,952.5,25.3724,-138.68
6203-HBZPA,0,0.0322,5380,63.9,81.68,1614.0,-68.6702,-81.68
9755-JHNMN,0,0.0134,5075,67.4,85.88,1522.5,-80.7789,-85.88
7369-TRPFD,0,0.0431,2916,18.8,27.56,874.8,-18.1427,-27.56
9878-TNQGW,1,0.8024,3533,80.95,102.14,1059.9,110.4772,162.835
2279-AXJJK,0,0.3777,4465,95.65,119.78,1339.5,6.6902,-119.78
5016-IBERQ,0,0.4969,2781,84.25,106.1,834.3,-2.4591,-106.1
1016-DJTSV,0,0.5982,5242,69.7,88.64,1572.6,146.5557,-88.64
8433-WPJTV,0,0.0608,5669,103.9,129.68,1700.7,-103.8315,-129.68
8903-XEBGX,0,0.2732,4594,55.3,71.36,1378.2,22.7639,-71.36
2632-TACXW,0,0.0155,4671,23.65,33.38,1401.3,-27.96,-33.38
7952-OBOYL,0,0.6665,4096,89.85,112.82,1228.8,91.9206,-112.82
1470-PSXNM,0,0.1055,5542,93.65,117.38,1662.6,-73.5253,-117.38
6227-HWPWX,1,0.3443,5671,69.0,87.8,1701.3,58.6275,337.525
5924-SNGKP,0,0.0328,3972,20.25,29.3,1191.6,-19.5273,-29.3
8818-DOPVL,0,0.5123,4103,104.45,130.34,1230.9,27.3032,-130.34
4521-WFJAI,0,0.0192,4246,25.95,36.14,1273.8,-30.0357,-36.14
4724-WXVWF,0,0.3084,4334,95.4,119.48,1300.2,-19.2345,-119.48
3717-OEAUQ,0,0.6048,2388,70.7,89.84,716.4,18.4823,-89.84
8165-ZJRNM,0,0.0025,4923,23.75,33.5,1476.9,-32.5797,-33.5
7838-LAZFO,0,0.0697,4192,78.8,99.56,1257.6,-77.6452,-99.56
0513-RBGPE,0,0.0375,5229,62.8,80.36,1568.7,-65.6359,-80.36
7251-XFOIL,0,0.276,5536,89.2,112.04,1660.8,2.5421,-112.04
2525-GVKQU,0,0.0088,4192,20.6,29.72,1257.6,-26.9389,-29.72
7579-OOPEC,1,0.4586,5461,50.15,65.18,1638.3,122.6339,344.395
3795-GWTRD,0,0.016,4626,75.55,95.66,1387.8,-90.1161,-95.66
4750-ZRXIU,1,0.8458,2467,84.6,106.52,740.1,49.9774,78.505
5445-PZWGX,1,0.1129,5090,102.0,127.4,1527.0,-84.2943,254.35
0516-UXRMT,0,0.1451,5801,92.05,115.46,1740.3,-52.3434,-115.46
0727-BNRLG,0,0.059,5709,97.65,122.18,1712.7,-96.9051,-122.18
3932-CMDTD,1,0.6118,4663,105.65,131.78,1398.9,82.1958,217.945
1264-FUHCX,0,0.1634,5913,56.3,72.56,1773.9,-0.1062,-72.56
6194-HBGQN,0,0.064,4549,81.15,102.38,1364.7,-80.5517,-102.38
4524-QCSSM,0,0.2426,4512,44.65,58.58,1353.6,23.5256,-58.58
4570-QHXHL,0,0.3824,5644,43.75,57.5,1693.2,104.3752,-57.5
2972-YDYUW,0,0.164,4507,94.7,118.64,1352.1,-63.2002,-118.64
2061-VVFST,0,0.0727,3924,19.5,28.4,1177.2,-6.9932,-28.4
6874-SGLHU,0,0.2692,4126,97.0,121.4,1237.8,-38.0859,-121.4
9844-FELAJ,0,0.0679,5899,107.9,134.48,1769.7,-104.4442,-134.48
1902-XBTFB,1,0.5008,5438,89.4,112.28,1631.4,91.9537,295.57
9039-RBEEE,1,0.1424,3080,48.95,63.74,924.0,-30.8552,167.26
9369-XFEHK,1,0.4358,3601,80.6,101.72,1080.3,15.9683,168.355
3680-CTHUH,0,0.1451,5680,116.6,144.92,1704.0,-83.0963,-144.92
3679-XASPY,0,0.1163,5612,19.45,28.34,1683.6,20.5931,-28.34
9089-UOWJG,0,0.1246,5068,58.35,75.02,1520.4,-27.6723,-75.02
1574-DYCWE,0,0.0032,4057,19.95,28.94,1217.1,-27.9681,-28.94
9779-DPNEJ,0,0.2402,4732,80.15,101.18,1419.6,-15.937,-101.18
2967-MXRAV,0,0.172,5160,18.8,27.56,1548.0,38.9938,-27.56
0327-WFZSY,0,0.1126,5434,100.0,125.0,1630.2,-79.1264,-125.0
1731-TVIUK,1,0.7793,4554,93.5,117.2,1366.2,148.9771,224.35
7666-WKRON,1,0.0834,2224,80.45,101.54,667.2,-87.6211,65.26
3865-ZYKAD,0,0.2217,4503,84.9,106.88,1350.9,-31.9982,-106.88
1465-LNTLJ,0,0.3785,4537,64.4,82.28,1361.1,46.5137,-82.28
2696-RZVZW,0,0.013,4187,25.05,35.06,1256.1,-30.9731,-35.06
0685-MLYYM,1,0.6971,4407,70.75,89.9,1322.1,140.5054,240.625
2778-OCLGR,1,0.2748,4591,39.1,51.92,1377.3,42.6941,292.405
3982-XWFZQ,1,0.2907,4873,50.25,65.3,1461.9,40.9274,300.175
4759-PXTAN,0,0.1644,4093,80.1,101.12,1227.9,-50.6553,-101.12
1448-PWKYE,1,0.8005,2046,80.0,101.0,613.8,21.8364,52.45
8741-LQOBK,0,0.0271,4829,35.05,47.06,1448.7,-37.236,-47.06
8650-RHRKE,1,0.666,4207,29.65,40.58,1262.1,169.5559,274.945
7266-GSSJX,0,0.0705,2606,20.45,29.54,781.8,-15.7633,-29.54
1265-HVPZB,0,0.0475,6432,66.4,84.68,1929.6,-61.7659,-84.68
9640-ZSLDC,0,0.019,4854,60.6,77.72,1456.2,-70.8166,-77.72
0988-JRWWP,0,0.6356,3167,54.2,70.04,950.1,80.9193,-70.04
1926-QUZNN,0,0.0163,4551,25.25,35.3,1365.3,-29.7512,-35.3
9025-ZRPVR,1,0.1675,5403,18.95,27.74,1620.9,40.151,377.485
6527-PZFPV,0,0.0148,4654,20.8,29.96,1396.2,-24.7844,-29.96
7460-ITWWP,0,0.4656,2701,86.1,108.32,810.3,-14.0081,-108.32
1530-ZTDOZ,0,0.1949,5565,40.65,53.78,1669.5,27.5703,-53.78
4785-FCIFB,0,0.0158,4900,24.4,34.28,1470.0,-28.4831,-34.28
9717-QEBGU,0,0.7529,2980,70.3,89.36,894.0,78.9091,-89.36
0876-WDUUZ,1,0.6618,3716,85.4,107.48,1114.8,76.9593,171.22
7881-EVUAD,1,0.6455,4648,42.6,56.12,1394.4,168.8985,292.48
4002-BQWPQ,0,0.1394,5917,81.75,103.1,1775.1,-41.2452,-103.1
6377-WHAOX,0,0.5551,4115,106.15,132.38,1234.5,38.9432,-132.38
5027-YOCXN,0,0.1709,5604,110.05,137.06,1681.2,-65.223,-137.06
8450-JOVAH,1,0.1587,5560,56.7,73.04,1668.0,-6.8564,343.96
6646-QVXLR,1,0.3645,5052,103.75,129.5,1515.6,8.6159,249.4
0254-KCJGT,0,0.0828,4628,81.4,102.68,1388.4,-73.9411,-102.68
3442-ZHHCC,0,0.0551,5355,76.9,97.28,1606.5,-75.154,-97.28
9167-APMXZ,0,0.5224,3549,84.15,105.98,1064.7,33.0599,-105.98
0616-ATFGB,1,0.6881,2119,25.05,35.06,635.7,74.2987,123.865
7273-TEFQD,1,0.7405,2314,41.15,54.38,694.2,74.14,119.17
8245-UMPYT,1,0.7191,2688,96.4,120.68,806.4,24.2907,80.92
6022-UGGSO,1,0.3797,2091,74.4,94.28,627.3,-34.7277,62.545
6292-TOSSS,0,0.0164,4297,24.9,34.88,1289.1,-29.5924,-34.88
5207-PLSTK,0,0.1613,5068,48.75,63.5,1520.4,-2.2049,-63.5
3908-BLSYF,1,0.7232,3962,83.9,105.68,1188.6,109.2158,191.47
4317-VTEOA,1,0.5556,5355,50.75,65.9,1606.5,157.2341,335.725
0625-AFOHS,0,0.0045,2784,20.2,29.24,835.2,-28.307,-29.24
4667-OHGKG,1,0.3141,4266,19.3,28.16,1279.8,72.3374,291.79
2386-OWURY,0,0.3775,6460,95.3,119.36,1938.0,63.5309,-119.36
3780-DDGSE,0,0.0856,5479,76.05,96.26,1643.7,-61.0941,-96.26
1047-RNXZV,0,0.0107,4871,19.55,28.46,1461.3,-24.5344,-28.46
3926-YZVVX,0,0.0393,2157,50.05,65.06,647.1,-58.703,-65.06
4742-TXUEX,0,0.0027,5829,19.3,28.16,1748.7,-26.9601,-28.16
8709-KRDVL,0,0.5871,4643,100.0,125.0,1392.9,79.4299,-125.0
0397-ZXWQF,0,0.0074,4416,20.5,29.6,1324.8,-27.141,-29.6
3910-MRQOY,0,0.0085,5398,19.4,28.28,1619.4,-24.8311,-28.28
2511-MORQY,0,0.0929,4322,54.9,70.88,1296.6,-40.7635,-70.88
4039-PIMHX,0,0.032,4306,49.8,64.76,1291.8,-54.4406,-64.76
8083-YTZES,1,0.7988,3622,74.35,94.22,1086.6,122.7674,177.43
1346-PJWTK,0,0.198,4806,94.15,117.98,1441.8,-46.6152,-117.98
3750-YHRYO,0,0.0883,2874,20.65,29.78,862.2,-10.741,-29.78
1236-WFCDV,1,0.4966,4777,90.45,113.54,1433.1,64.3751,244.735
5949-HGVJL,0,0.3522,2753,73.05,92.66,825.9,-19.9341,-92.66
9112-WSNPU,0,0.3162,5873,70.55,89.66,1761.9,49.6054,-89.66
1360-JYXKQ,0,0.3017,4118,99.1,123.92,1235.4,-30.7429,-123.92
3585-ISXZP,1,0.6373,5335,95.65,119.78,1600.5,135.1998,280.345
8380-PEFPE,1,0.7583,2377,71.65,90.98,713.1,44.212,87.295
9402-ROUMJ,0,0.0316,5588,100.25,125.3,1676.4,-112.0692,-125.3
4335-UPJSI,0,0.0038,2639,19.75,28.7,791.7,-27.9461,-28.7
6096-EGVTU,0,0.0065,5038,24.9,34.88,1511.4,-32.4361,-34.88
8988-ECPJR,1,0.4263,3980,79.6,100.52,1194.0,26.7223,197.98
7677-SJJJK,0,0.0864,3152,19.9,28.88,945.6,-8.4434,-28.88
5850-BDWCY,0,0.2244,5029,20.2,29.24,1508.7,55.388,-29.24
2025-JKFWI,1,0.58,3493,99.0,123.8,1047.9,28.1566,138.175
8028-PNXHQ,0,0.0213,4444,24.25,34.1,1333.2,-27.0112,-34.1
8397-MVTAZ,1,0.6724,2568,100.05,125.06,770.4,4.4356,67.54
4445-ZJNMU,0,0.6749,3540,99.3,124.16,1062.0,55.0378,-124.16
3125-RAHBV,0,0.0403,2768,20.3,29.36,830.4,-20.9946,-29.36
6682-QJDGB,1,0.0215,2810,55.25,71.3,843.0,-66.7638,139.45
8840-DQLGN,1,0.3497,4745,100.5,125.6,1423.5,-1.1411,230.275
6258-NGCNG,0,0.176,5508,23.5,33.2,1652.4,39.5191,-33.2
5917-RYRMG,0,0.0319,3836,19.8,28.76,1150.8,-19.5868,-28.76
7157-SMCFK,0,0.0018,5411,19.75,28.7,1623.3,-27.9644,-28.7
0816-TSPHQ,0,0.245,3976,20.75,29.9,1192.8,43.1696,-29.9
6766-HFKLA,0,0.1142,4534,103.2,128.84,1360.2,-90.0061,-128.84
7067-KSAZT,1,0.3498,5965,106.25,132.5,1789.5,23.9835,314.875
5155-AZQPB,0,0.0587,5250,49.9,64.88,1575.0,-41.7519,-64.88
6890-PFRQX,0,0.218,4466,69.5,88.4,1339.8,-15.3867,-88.4
3508-VLHCZ,0,0.0072,6009,90.55,113.66,1802.7,-110.4244,-113.66
3649-JPUGY,0,0.0338,5842,88.6,111.32,1752.6,-96.5125,-111.32
9248-OJYKK,1,0.8175,3763,76.45,96.74,1128.9,133.9875,185.485
7239-HZZCX,1,0.2499,4851,19.75,28.7,1455.3,62.2225,335.125
9860-LISIZ,0,0.0598,2864,20.35,29.42,859.2,-16.5709,-29.42
6979-ZNSFF,1,0.7231,2545,87.05,109.46,763.5,28.5562,81.415
8938-UMKPI,1,0.4978,4804,106.4,132.68,1441.2,46.6934,227.62
1820-DJFPH,0,0.0034,4755,24.05,33.86,1426.5,-32.6301,-33.86
0732-OCQOC,0,0.0281,5674,25.05,35.06,1702.2,-23.1028,-35.06
6776-TLWOI,1,0.2395,2158,19.85,28.82,647.4,9.9355,133.03
4940-KHCWD,0,0.0196,5148,37.7,50.24,1544.4,-42.6863,-50.24
9057-SIHCH,1,0.8769,3260,96.6,120.92,978.0,93.4855,123.58
9866-QEVEE,1,0.5463,4857,86.0,108.2,1457.1,90.7919,256.075
5542-TBBWB,0,0.7576,3358,69.9,88.88,1007.4,101.9301,-88.88
4587-VVTOX,1,0.8852,4163,105.3,131.36,1248.9,145.0134,180.865
6322-HRPFA,0,0.0165,4986,59.6,76.52,1495.8,-70.3521,-76.52
6284-AHOOQ,1,0.4633,5014,90.5,113.6,1504.2,60.6113,262.45
4530-NDRKU,0,0.0129,5091,19.05,27.86,1527.3,-22.9156,-27.86
1751-NCDLI,0,0.6088,2641,98.85,123.62,792.3,-3.0339,-123.62
3893-JRNFS,0,0.1693,6270,39.9,52.88,1881.0,26.7526,-52.88
5857-XRECV,0,0.031,4486,20.5,29.6,1345.8,-19.1595,-29.6
3115-CZMZD,0,0.07,5504,20.25,29.3,1651.2,-0.3923,-29.3
4489-SNOJF,1,0.051,5898,72.25,91.7,1769.4,-69.1535,350.65
1051-GEJLJ,0,0.2444,4836,19.5,28.4,1450.8,60.2596,-28.4
3563-SVYLG,0,0.0023,5215,62.65,80.18,1564.5,-79.2968,-80.18
4301-VVZKA,0,0.6501,5432,75.4,95.48,1629.6,169.3809,-95.48
9351-HXDMR,0,0.0798,4938,110.9,138.08,1481.4,-108.5247,-138.08
5161-XEUVX,0,0.1049,2615,94.3,118.16,784.5,-97.5935,-118.16
3088-FVYWK,0,0.0042,5794,25.55,35.66,1738.2,-33.8338,-35.66
9812-GHVRI,0,0.3362,4294,83.85,105.62,1288.2,2.6421,-105.62
1370-GGAWX,0,0.2628,3924,94.15,117.98,1177.2,-40.6381,-117.98
6023-YEBUP,1,0.8759,5351,100.95,126.14,1605.3,225.3969,275.185
9940-RHLFB,1,0.6921,2176,75.3,95.36,652.8,17.587,67.84
4541-RMRLG,1,0.1826,4489,19.25,28.1,1346.7,33.3673,308.575
2606-RMDHZ,1,0.5406,4667,30.5,41.6,1400.1,147.611,308.425
5575-TPIZQ,0,0.2985,5593,89.15,111.98,1677.9,13.2343,-111.98
9378-FXTIZ,1,0.1857,4596,70.15,89.18,1378.8,-25.1571,255.52
4631-OACRM,1,0.5901,3621,79.4,100.28,1086.3,59.9849,171.295
8593-WHYHV,1,0.8447,4934,85.3,107.36,1480.2,205.2111,262.69
1403-GYAFU,0,0.0019,4485,20.05,29.06,1345.5,-28.4248,-29.06
7641-TQFHN,0,0.0231,3124,100.55,125.66,937.2,-120.2546,-125.66
4237-CLSMM,0,0.301,4823,20.0,29.0,1446.9,79.8756,-29.0
4360-PNRQB,0,0.4811,4030,75.6,95.72,1209.0,49.6776,-95.72
5334-AFQJB,0,0.0126,5751,25.1,35.12,1725.3,-29.7035,-35.12
9308-ANMVE,0,0.0259,5491,55.3,71.36,1647.3,-60.6944,-71.36
3530-VWVGU,0,0.0236,5657,19.9,28.88,1697.1,-18.8523,-28.88
4674-HGNUA,0,0.0052,4444,89.9,112.88,1333.2,-111.1373,-112.88
3030-YDNRM,0,0.6638,5514,74.85,94.82,1654.2,179.7032,-94.82
3642-BYHDO,0,0.0019,5789,19.9,28.88,1736.7,-28.0732,-28.88
0440-UEDAI,0,0.1294,5452,94.45,118.34,1635.6,-65.445,-118.34
9819-FBNSV,0,0.3598,4121,72.25,91.7,1236.3,19.5085,-91.7
9289-LBQVU,0,0.082,5037,70.15,89.18,1511.1,-58.184,-89.18
4468-YDOVK,0,0.12,3307,48.65,63.38,992.1,-33.6111,-63.38
2001-EWBQU,0,0.1296,6186,104.7,130.64,1855.8,-70.5089,-130.64
9992-UJOEL,0,0.4562,5870,50.3,65.36,1761.0,135.4994,-65.36
8409-WQJUX,0,0.1975,4458,54.2,70.04,1337.4,-4.0103,-70.04
3077-RSNTJ,0,0.0732,4293,19.7,28.64,1287.9,-5.0779,-28.64
6993-YCOBK,0,0.0339,5756,110.6,137.72,1726.8,-123.0749,-137.72
4817-VYYWS,1,0.6056,3598,100.2,125.24,1079.4,38.1817,144.61
4702-HDRKD,0,0.0514,5905,49.35,64.22,1771.5,-41.4624,-64.22
3251-YMVWZ,0,0.0314,4865,24.05,33.86,1459.5,-22.3855,-33.86
4190-MFLUW,1,0.2315,5925,55.2,71.24,1777.5,31.6475,373.135
4678-DVQEO,1,0.515,4138,52.2,67.64,1241.4,92.1886,242.71
4701-AHWMW,1,0.2813,6041,54.55,70.46,1812.3,56.9781,382.615
2987-BJXIK,0,0.0244,4180,84.7,106.64,1254.0,-98.9999,-106.64
1730-VFMWO,0,0.1234,4352,50.2,65.24,1305.6,-24.9648,-65.24
1936-UAFEH,0,0.0445,5502,110.25,137.3,1650.6,-118.9424,-137.3
5140-FOMCQ,0,0.2327,5186,109.15,135.98,1555.8,-45.4741,-135.98
8778-LMWTJ,0,0.5028,5770,74.85,94.82,1731.0,122.7724,-94.82
9840-DVNDC,1,0.7129,2181,80.5,101.6,654.3,15.0191,61.975
8033-VCZGH,0,0.3809,4363,103.95,129.74,1308.9,-5.1134,-129.74
8580-QVLOC,1,0.0244,5697,92.45,115.94,1709.1,-105.4996,311.335
6128-AQBMT,0,0.4317,3920,53.95,69.74,1176.0,57.1757,-69.74
6257-RJOHI,0,0.4025,4521,50.8,65.96,1356.3,70.5073,-65.96
1929-ZCBHE,0,0.0152,5040,40.3,53.36,1512.0,-47.6083,-53.36
6242-SGYTS,0,0.0413,4262,94.95,118.94,1278.6,-105.723,-118.94
7010-ZMVBF,0,0.0264,2047,20.45,29.54,614.1,-25.4794,-29.54
3519-ZKXGG,1,0.8449,4062,75.85,96.02,1218.6,161.3653,208.63
5666-MBJPT,0,0.0149,5449,25.1,35.12,1634.7,-29.0137,-35.12
3313-QKNKB,1,0.2681,6304,85.55,107.66,1891.2,19.0852,365.14
7581-EBBOU,0,0.0503,4260,70.15,89.18,1278.0,-73.1022,-89.18
1784-BXEFA,0,0.164,3595,20.55,29.66,1078.5,14.5609,-29.66
7492-TAFJD,0,0.0874,3345,38.55,51.26,1003.5,-29.3231,-51.26
5213-TWWJU,0,0.3514,2448,91.0,114.2,734.4,-49.6889,-114.2
3312-ZWLGF,0,0.5102,3172,79.3,100.16,951.6,21.2211,-100.16
2923-ARZLG,0,0.0572,4890,19.7,28.64,1467.0,-7.6678,-28.64
7032-LMBHI,0,0.0747,5255,64.65,82.58,1576.5,-53.1505,-82.58
8292-ITGYJ,0,0.0055,3043,24.65,34.58,912.9,-33.3154,-34.58
9107-UKCKY,0,0.1968,6432,79.8,100.76,1929.6,-5.8221,-100.76
6848-HJTXY,0,0.0105,5628,19.45,28.34,1688.4,-23.9128,-28.34
4184-VODJZ,0,0.0779,4512,91.35,114.62,1353.6,-88.2694,-114.62
4846-WHAFZ,1,0.1874,2793,76.5,96.8,837.9,-57.5453,112.675
8735-SDUFN,0,0.0122,4397,24.3,34.16,1319.1,-30.1343,-34.16
0839-JTCUD,0,0.0274,4082,89.9,112.88,1224.6,-104.4814,-112.88
6857-VWJDT,1,0.7898,3473,95.65,119.78,1041.9,85.9431,140.695
7363-QTBIW,0,0.7122,4654,79.75,100.7,1396.2,147.8814,-100.7
6158-HDPXZ,0,0.5246,4193,25.35,35.42,1257.9,129.5508,-35.42
5419-CONWX,1,0.7615,2268,99.8,124.76,680.4,4.7663,45.34
9286-DOJGF,1,0.4307,5165,74.95,94.94,1549.5,71.8872,292.435
2408-PSJVE,0,0.027,4388,61.9,79.28,1316.4,-70.3785,-79.28
2087-QAREY,0,0.2352,5722,54.7,70.64,1716.6,30.2927,-70.64
6777-TGHTM,1,0.2312,5550,106.95,133.34,1665.0,-37.1049,282.91
6507-ZJSUR,0,0.6723,5272,90.45,113.54,1581.6,152.2823,-113.54
5025-GOOKI,0,0.1143,4277,18.9,27.68,1283.1,8.9714,-27.68
6080-LNESI,0,0.0158,5080,24.75,34.7,1524.0,-28.6986,-34.7
2236-HILPA,0,0.0024,6403,20.65,29.78,1920.9,-28.645,-29.78
1386-ZIKUV,0,0.1756,4097,18.95,27.74,1229.1,26.2081,-27.74
3365-SAIGS,0,0.5343,5564,83.55,105.26,1669.2,117.6991,-105.26
6061-GWWAV,0,0.0096,5365,70.2,89.24,1609.5,-85.3892,-89.24
9979-RGMZT,0,0.4266,5545,94.05,117.86,1663.5,59.5726,-117.86
8445-DNBAE,0,0.2856,5523,50.05,65.06,1656.9,53.2484,-65.06
6872-HXFNF,0,0.0504,5331,58.35,75.02,1599.3,-54.8547,-75.02
1320-HTRDR,1,0.8035,5948,75.5,95.6,1784.4,262.8559,350.5
3923-CSIHK,1,0.4293,5746,71.05,90.26,1723.8,94.7422,340.69
2446-ZKVAF,0,0.2601,5558,56.8,73.16,1667.4,35.2555,-73.16
4640-UHDOS,1,0.3865,4498,55.95,72.14,1349.4,58.2586,265.21
5457-COLHT,0,0.004,4618,80.65,101.78,1385.4,-100.388,-101.78
2254-DLXRI,0,0.7255,2742,79.15,99.98,822.6,49.2125,-99.98
5339-PXDVH,0,0.7333,3559,90.65,113.78,1067.7,81.9459,-113.78
2386-LAHRK,1,0.5598,5094,53.5,69.2,1528.2,144.6545,312.85
5062-CJJKH,0,0.02,5854,53.65,69.38,1756.2,-60.5867,-69.38
8930-XOTDP,0,0.0718,2035,55.95,72.14,610.5,-61.1891,-72.14
4779-ZGICK,0,0.0036,5019,23.55,33.26,1505.7,-31.8941,-33.26
9534-NSXEM,0,0.0494,2194,20.65,29.78,658.2,-21.654,-29.78
3716-BDVDB,1,0.7573,5795,69.1,87.92,1738.5,241.2274,346.705
9842-EFSYY,0,0.2421,2421,57.2,73.64,726.3,-29.6847,-73.64
9122-UMROB,0,0.2501,4270,20.3,29.36,1281.0,50.7455,-29.36
1867-BDVFH,1,0.708,5075,74.35,94.22,1522.5,175.2439,286.405
5949-EBSQK,1,0.1523,2131,61.45,78.74,639.3,-54.395,81.085
4160-AMJTL,1,0.1849,5432,19.65,28.58,1629.6,46.7635,378.82
8622-ZLFKO,0,0.8562,4297,90.75,113.9,1289.1,162.024,-113.9
2990-IAJSV,0,0.0181,4200,92.0,115.4,1260.0,-109.6838,-115.4
6064-ZATLR,0,0.0237,2842,52.85,68.42,852.6,-63.3599,-68.42
7409-KIUTL,1,0.7648,5345,71.0,90.2,1603.5,216.395,310.675
5505-OVWQW,0,0.0457,4650,20.15,29.18,1395.0,-13.2254,-29.18
3948-KXDUF,0,0.0116,5454,68.75,87.5,1636.2,-82.7438,-87.5
9814-AOUDH,0,0.0108,5625,19.5,28.4,1687.5,-23.8461,-28.4
7398-LXGYX,0,0.3074,2770,84.8,106.76,831.0,-42.908,-106.76
5266-PFRQK,0,0.0091,4886,20.85,30.02,1465.8,-26.7013,-30.02
1568-BEKZM,0,0.0256,4666,90.05,113.06,1399.8,-104.0899,-113.06
2692-PFYTJ,0,0.388,2569,25.75,35.9,770.7,38.8612,-35.9
2533-QVMSK,1,0.1296,6295,94.1,117.92,1888.5,-56.7158,354.205
5828-AVIPD,1,0.5185,4072,100.95,126.14,1221.6,32.2042,179.26
2907-ILJBN,0,0.0796,4047,20.6,29.72,1214.1,-5.5679,-29.72
5226-NOZFC,0,0.4786,3178,85.75,107.9,953.4,6.1766,-107.9
7114-AEOZE,0,0.009,6213,19.85,28.82,1863.9,-24.6354,-28.82
2202-CUYXZ,1,0.8018,3086,84.85,106.82,925.8,78.7669,124.63
3466-RITXD,0,0.3886,5461,92.4,115.88,1638.3,43.2862,-115.88
7278-CKDNC,0,0.5131,4422,80.5,101.6,1326.6,68.556,-101.6
1956-YIFGE,0,0.1068,3274,100.05,125.06,982.2,-98.8368,-125.06
0422-UXFAP,0,0.45,6034,98.85,123.62,1810.2,80.0138,-123.62
3733-UOCWF,0,0.1483,4845,85.55,107.66,1453.5,-53.7737,-107.66
7191-ADRGF,0,0.0704,3222,54.3,70.16,966.6,-53.1517,-70.16
5709-LVOEQ,0,0.1906,2048,80.85,102.02,614.4,-72.7433,-102.02
6034-YMTOB,0,0.5943,2296,75.65,95.78,688.8,6.5638,-95.78
6372-RFVNS,1,0.7975,5075,78.8,99.56,1522.5,203.9833,281.065
9052-DHNKM,0,0.0954,5156,61.55,78.86,1546.8,-41.9637,-78.86
5609-IMCGG,0,0.417,3314,84.35,106.22,994.2,-2.5694,-106.22
2959-MJHIC,1,0.834,4167,80.35,101.42,1250.1,159.2326,211.105
1319-YLZJG,0,0.5214,2499,84.6,106.52,749.7,-8.8024,-106.52
7623-TRNQN,1,0.1309,3113,49.9,64.88,933.9,-34.3171,168.595
0377-JBKKT,0,0.034,5036,57.95,74.54,1510.8,-61.6803,-74.54
1936-CZAKF,0,0.0802,4283,49.65,64.58,1284.9,-38.8046,-64.58
5063-IUOKK,0,0.0245,2016,19.75,28.7,604.8,-24.999,-28.7
8646-JCOMS,0,0.1279,4958,90.55,113.66,1487.4,-66.1086,-113.66
0979-MOZQI,0,0.0503,4987,39.0,51.8,1496.1,-32.968,-51.8
1525-LNLOJ,0,0.0542,4186,63.3,80.96,1255.8,-63.9314,-80.96
5759-RCVCB,1,0.5783,5450,35.2,47.24,1635.0,189.154,361.51
9968-FFVVH,0,0.0261,5082,68.8,87.56,1524.6,-77.6023,-87.56
2266-FUBDZ,0,0.0065,2742,19.35,28.22,822.6,-26.8864,-28.22
4760-THGOT,0,0.4438,4392,94.1,117.92,1317.6,28.275,-117.92
2307-FYNNL,0,0.1037,5692,109.05,135.86,1707.6,-91.6101,-135.86
1143-NMNQJ,1,0.8481,2187,85.7,107.84,656.1,31.2776,56.185
1629-DQQVB,0,0.1484,2331,50.1,65.12,699.3,-39.1743,-65.12
3766-EJLFL,0,0.0196,6391,109.05,135.86,1917.3,-126.4737,-135.86
8457-XIGKN,0,0.1144,5909,19.6,28.52,1772.7,22.1961,-28.52
4981-FLTMF,0,0.0186,4491,65.2,83.24,1347.3,-76.9806,-83.24
7606-BPHHN,0,0.0088,5368,19.8,28.76,1610.4,-25.2347,-28.76
7005-CCBKV,1,0.7644,4539,84.4,106.28,1361.7,153.94,234.145
4648-YPBTM,0,0.041,5644,73.9,93.68,1693.2,-76.3332,-93.68
2325-ZUSFD,1,0.1001,4669,70.1,89.12,1400.7,-54.0575,261.055
1240-KNSEZ,1,0.3145,4933,20.1,29.12,1479.9,87.2303,340.855
0430-IHCDJ,0,0.3886,2597,49.0,63.8,779.1,11.8924,-63.8
7957-RYHQD,1,0.2006,3207,79.2,100.04,962.1,-51.7795,140.485
6164-HAQTX,0,0.0148,4094,53.95,69.74,1228.2,-65.2054,-69.74
0749-IRGQE,0,0.5722,4118,45.3,59.36,1235.4,117.3729,-59.36
1227-UDMZR,0,0.0327,4311,91.15,114.38,1293.3,-103.7938,-114.38
5473-KHBPS,0,0.0712,4415,95.7,119.84,1324.5,-96.2731,-119.84
5297-MDOIR,0,0.109,5294,81.15,102.38,1588.2,-59.1052,-102.38
8873-TMKGR,0,0.0331,5880,19.1,27.92,1764.0,-13.3394,-27.92
6481-ESCNL,0,0.4709,4847,100.55,125.66,1454.1,45.5412,-125.66
0463-WZZKO,0,0.3034,2406,20.75,29.9,721.8,24.8485,-29.9
1038-RQOST,0,0.0258,2276,20.6,29.72,682.8,-25.3218,-29.72
4937-QPZPO,0,0.1163,5641,99.9,124.88,1692.3,-75.6664,-124.88
3604-WLABM,0,0.2462,2253,54.25,70.1,675.9,-28.4996,-70.1
1360-XFJMR,0,0.2035,4017,109.7,136.64,1205.1,-75.3282,-136.64
8717-VCTXJ,0,0.0316,5293,19.55,28.46,1587.9,-15.8967,-28.46
5196-SGOAK,1,0.7357,4884,75.7,95.84,1465.2,173.6332,270.46
8739-XNIKG,0,0.8349,4456,84.0,105.8,1336.8,173.2202,-105.8
2320-TZRRH,0,0.0421,4700,19.5,28.4,1410.0,-13.5643,-28.4
5186-SAMNZ,1,0.6932,3273,69.5,88.4,981.9,81.7703,157.075
5760-FXFVO,0,0.6377,4093,78.95,99.74,1227.9,96.0319,-99.74
5380-WJKOV,1,0.2216,2941,106.35,132.62,882.3,-83.7296,87.955
4703-MQYKT,0,0.0196,4562,19.6,28.52,1368.6,-21.825,-28.52
2001-MCUUW,0,0.1081,4210,108.65,135.38,1263.0,-101.2524,-135.38
4947-DSMXK,0,0.2093,5789,97.7,122.24,1736.7,-31.3832,-122.24
0076-LVEPS,0,0.033,3290,45.0,59.0,987.0,-50.8666,-59.0
5566-SOEZD,0,0.0426,5856,80.65,101.78,1756.8,-83.0549,-101.78
7408-OFWXJ,0,0.0236,5762,89.8,112.76,1728.6,-102.5741,-112.76
1097-FSPVW,0,0.075,5387,54.55,70.46,1616.1,-40.1774,-70.46
4412-YLTKF,1,0.1818,4638,78.05,98.66,1391.4,-35.4307,249.19
0420-TXVSG,0,0.0277,5933,66.1,84.32,1779.9,-71.9832,-84.32
7817-BOQPW,1,0.8078,4320,75.55,95.66,1296.0,166.0647,228.34
0963-ZBDRN,1,0.4729,3606,96.2,120.44,1081.8,7.4686,150.01
9685-WKZGT,1,0.6051,2075,74.95,94.94,622.5,-0.773,60.685
2139-FQHLM,0,0.316,3402,89.95,112.94,1020.6,-32.3059,-112.94
5825-XJOCM,0,0.0116,2545,64.4,82.28,763.5,-80.0597,-82.28
0004-TLHLJ,1,0.7401,4479,73.9,93.68,1343.7,154.935,242.245
7529-ZDFXI,0,0.5105,4429,89.85,112.82,1328.7,56.7518,-112.82
6848-YLDFR,0,0.0206,4559,75.2,95.24,1367.7,-88.1845,-95.24
5820-PTRYM,0,0.0581,4368,68.45,87.14,1310.4,-68.1014,-87.14
2984-RGEYA,0,0.0093,5325,19.75,28.7,1597.5,-25.004,-28.7
6434-TTGJP,0,0.0184,5671,53.7,69.44,1701.3,-61.5977,-69.44
9643-AVVWI,0,0.3523,4264,80.0,101.0,1279.2,11.6576,-101.0
3506-OVLKD,0,0.0392,4419,26.2,36.44,1325.7,-23.4432,-36.44
4946-EDSEW,1,0.0496,5638,19.25,28.1,1691.4,-7.1275,394.75
2924-KHUVI,0,0.3462,4847,100.55,125.66,1454.1,0.2084,-125.66
2263-SFSQZ,0,0.0061,5461,24.95,34.94,1638.3,-32.4447,-34.94
5281-BUZGT,1,0.454,5692,90.85,114.02,1707.6,79.7963,312.88
3717-FDJFU,0,0.0134,3353,20.45,29.54,1005.9,-26.1795,-29.54
2239-CFOUJ,0,0.0411,4540,20.4,29.48,1362.0,-15.4864,-29.48
8699-ASUFO,1,0.6594,4969,74.4,94.28,1490.7,151.4474,278.395
1122-YJBCS,0,0.0383,6092,53.65,69.38,1827.6,-51.8832,-69.38
0628-CNQRM,1,0.106,3378,67.5,86.0,1013.4,-59.1362,167.35
1705-GUHPV,0,0.0113,4948,24.2,34.04,1484.4,-29.8481,-34.04
4877-TSOFF,0,0.0173,4489,75.75,95.9,1346.7,-90.069,-95.9
7404-JLKQG,0,0.5552,4099,57.55,74.06,1229.7,96.6168,-74.06
0379-DJQHR,0,0.0254,4219,81.35,102.62,1265.7,-94.5742,-102.62
8993-PHFWD,1,0.6013,2088,25.25,35.3,626.4,58.8609,121.3
3930-ZGWVE,0,0.2499,2484,19.75,28.7,745.2,17.8577,-28.7
1965-DDBWU,1,0.4935,5953,89.05,111.86,1785.9,108.4835,334.615
7572-KPVKK,0,0.0332,5900,104.05,129.86,1770.0,-115.1622,-129.86
6854-EXGSF,0,0.2827,3033,65.5,83.6,909.9,-19.2943,-83.6
9483-GCPWE,0,0.014,3444,20.1,29.12,1033.2,-25.4966,-29.12
8053-WWDRO,1,0.2795,5579,19.5,28.4,1673.7,88.5702,390.025
9473-CBZOP,0,0.071,4891,59.0,75.8,1467.3,-49.7659,-75.8
3985-HOYPM,0,0.036,4602,19.4,28.28,1380.6,-15.8622,-28.28
8378-LKJAF,0,0.21,3738,101.15,126.38,1121.4,-67.5186,-126.38
1310-QRITU,0,0.37,5877,50.3,65.36,1763.1,97.7128,-65.36
3237-AJGEH,1,0.2287,5122,31.0,42.2,1536.6,45.6536,341.95
6542-LWGXJ,0,0.5809,2730,25.0,35.0,819.0,83.9327,-35.0
6953-PBDIN,0,0.0251,6466,72.95,92.54,1939.8,-80.3587,-92.54
6332-FBZRI,0,0.0093,5589,69.35,88.22,1676.7,-84.3251,-88.22
9365-CSLBQ,0,0.0019,4155,24.35,34.22,1246.5,-33.6277,-34.22
3466-WAESX,0,0.0996,5172,69.1,87.92,1551.6,-49.2677,-87.92
9700-ISPUP,0,0.1304,3137,65.5,83.6,941.1,-52.9106,-83.6
5167-ZFFMM,1,0.7799,3424,90.85,114.02,1027.2,86.2659,142.78
7669-LCRSD,0,0.1254,2047,56.3,72.56,614.1,-53.3132,-72.56
0870-VEMYL,1,0.2561,5435,53.85,69.62,1630.5,34.7572,338.005
2995-UPRYS,1,0.2257,5098,99.2,124.04,1529.4,-37.7618,258.31
3179-GBRWV,0,0.246,4604,64.95,82.94,1381.2,2.0168,-82.94
0701-TJSEF,0,0.2371,4366,68.25,86.9,1309.8,-9.2696,-86.9
1848-LBZHY,0,0.3065,2547,50.3,65.36,764.1,-6.8087,-65.36
5380-XPJNZ,0,0.0258,4539,20.05,29.06,1361.7,-20.2653,-29.06
6608-QQLVK,1,0.5817,2077,50.5,65.6,623.1,25.0181,90.175
1475-VWVDO,0,0.5923,5335,74.9,94.88,1600.5,142.1268,-94.88
3721-CNEYS,1,0.7531,5390,70.95,90.14,1617.0,214.3044,314.11
4299-OPXEJ,0,0.0138,5764,19.55,28.46,1729.2,-22.4834,-28.46
0096-BXERS,0,0.6205,3442,50.35,65.42,1032.6,94.7536,-65.42
3055-VTCGS,0,0.0496,6312,58.55,75.26,1893.6,-51.7952,-75.26
9405-GPBBG,0,0.089,5718,110.5,137.6,1715.4,-99.4362,-137.6
6704-UTUKK,0,0.5351,5074,45.9,60.08,1522.2,143.5634,-60.08
9944-AEXBM,0,0.4625,2383,85.65,107.78,714.9,-25.1124,-107.78
2545-EBUPK,0,0.8523,5039,84.05,105.86,1511.7,216.2556,-105.86
6270-OMFIW,1,0.2953,4990,94.4,118.28,1497.0,-7.7801,255.97
1852-XEMDW,0,0.1446,4709,65.05,83.06,1412.7,-31.9963,-83.06
8158-WPEZG,0,0.3803,4986,35.65,47.78,1495.8,94.448,-47.78
5198-EFNBM,0,0.2594,5636,90.65,113.78,1690.8,-4.1326,-113.78
7663-RGWBC,1,0.4922,4773,44.15,57.98,1431.9,118.2068,299.995
3970-XGJDU,0,0.0115,4937,19.2,28.04,1481.1,-23.7785,-28.04
6845-RGTYS,1,0.4121,4622,98.75,123.5,1386.6,19.3504,223.15
0123-CRBRT,0,0.031,5152,88.1,110.72,1545.6,-98.7392,-110.72
6077-BDPXA,0,0.7477,2228,70.15,89.18,668.4,35.7626,-89.18
2250-IVBWA,0,0.0466,5168,81.05,102.26,1550.4,-84.1801,-102.26
6137-NICCO,0,0.4523,3083,94.05,117.86,924.9,-13.2737,-117.86
8129-GMVGI,0,0.0028,5172,20.05,29.06,1551.6,-27.9834,-29.06
4353-HYOJD,0,0.0398,5580,49.85,64.82,1674.0,-48.1729,-64.82
8671-KKKOS,0,0.2015,5565,45.55,59.66,1669.5,24.4278,-59.66
8080-DDEMJ,1,0.5153,4499,45.1,59.12,1349.7,114.7617,278.305
6698-OXETB,0,0.0296,5397,20.4,29.48,1619.1,-17.5047,-29.48
3312-UUMZW,0,0.5725,3981,98.85,123.62,1194.3,47.3191,-123.62
6376-GAHQE,1,0.7319,2140,77.85,98.42,642.0,19.0564,62.08
0733-VUNUW,1,0.202,4126,55.65,71.78,1237.8,-9.2754,237.67
6733-LRIZX,0,0.1541,5903,108.95,135.74,1770.9,-67.5268,-135.74
2165-VOEGB,1,0.1171,3322,105.2,131.24,996.6,-102.0658,117.91
1853-UDXBW,1,0.8061,2485,70.0,89.0,745.5,61.2407,97.375
9070-BCKQP,0,0.0789,4498,110.15,137.18,1349.4,-110.5558,-137.18
1035-IPQPU,0,0.5428,5187,103.5,129.2,1556.1,81.9581,-129.2
2057-ZBLPD,1,0.6857,2036,86.5,108.8,610.8,-4.0906,43.9
6967-PEJLL,0,0.0273,2308,40.2,53.24,692.4,-48.5201,-53.24
7879-CGSFV,0,0.1543,5101,100.9,126.08,1530.3,-67.0397,-126.08
2257-BOVXD,0,0.3762,3516,66.6,84.92,1054.8,14.2719,-84.92
9822-BIIGN,0,0.0439,4903,71.85,91.22,1470.9,-75.0877,-91.22
1136-XGEQU,0,0.1461,4625,84.15,105.98,1387.5,-55.3093,-105.98
2439-LYPMQ,0,0.6309,5469,102.6,128.12,1640.7,130.6632,-128.12
6543-XRMYR,1,0.6147,3548,99.7,124.64,1064.4,38.9399,141.46
5753-QQWPW,0,0.0696,4131,59.9,76.88,1239.3,-55.3097,-76.88
4785-QRJHC,1,0.1422,4011,59.9,76.88,1203.3,-34.09,223.945
0052-YNYOT,0,0.0221,5462,20.55,29.66,1638.6,-20.6234,-29.66
7054-LGEQW,1,0.414,4888,45.95,60.14,1466.4,91.6397,306.46
0608-JDVEC,0,0.0223,5914,19.8,28.76,1774.2,-18.8736,-28.76
6284-KMNUF,0,0.3434,4615,98.0,122.6,1384.5,-3.7295,-122.6
6286-SUUWT,0,0.25,5916,19.95,28.94,1774.8,81.9805,-28.94
3594-KADLU,0,0.4304,3610,35.1,47.12,1083.0,69.4161,-47.12
0536-ACXIP,0,0.1284,6452,109.55,136.46,1935.6,-74.3507,-136.46
8869-TORSS,1,0.0328,2681,60.35,77.42,804.3,-70.8299,123.655
0373-AIVNJ,0,0.1279,3755,39.55,52.46,1126.5,-16.4422,-52.46
6429-SHBCB,0,0.3367,3349,69.6,88.52,1004.7,-3.961,-88.52
5751-USDBL,0,0.0061,4280,81.0,102.2,1284.0,-100.2498,-102.2
6815-ABQFQ,0,0.3321,5800,107.25,133.7,1740.0,10.7677,-133.7
9450-TRJUU,0,0.4478,2332,83.15,104.78,699.6,-26.4618,-104.78
2805-AUFQN,0,0.0178,3875,19.8,28.76,1162.5,-23.5851,-28.76
7855-DIWPO,0,0.4685,2006,68.65,87.38,601.8,-16.8879,-87.38
0174-QRVVY,0,0.0026,5747,25.35,35.42,1724.1,-34.3186,-35.42
9507-EXLTT,1,0.7907,3492,79.35,100.22,1047.6,106.864,161.68
8390-FESFV,0,0.0315,5466,84.5,106.4,1639.8,-93.4947,-106.4
0661-KBKPA,0,0.0352,5052,78.75,99.5,1515.6,-86.1702,-99.5
6856-RAURS,0,0.7433,2044,74.9,94.88,613.2,19.0742,-94.88
7322-OCWHC,0,0.0422,4988,93.05,116.66,1496.4,-100.8562,-116.66
2203-GHNWN,0,0.5069,3816,79.65,100.58,1144.8,44.4969,-100.58
3413-CSSTH,0,0.1794,5590,55.7,71.84,1677.0,3.3742,-71.84
3006-XIMLN,1,0.8353,5299,94.2,118.04,1589.7,213.9315,279.385
3750-CKVKH,1,0.7517,2299,67.75,86.3,689.7,43.3138,86.125
0576-WNXXC,1,0.6327,2999,95.55,119.66,899.7,22.6509,105.265
7056-IMHCC,1,0.6109,5884,101.9,127.28,1765.2,142.3246,314.02
0866-QLSIR,1,0.0571,5189,64.4,82.28,1556.7,-60.0419,306.895
1628-BIZYP,0,0.7872,5754,85.0,107.0,1726.2,232.7313,-107.0
2230-XTUWL,0,0.0026,5461,19.55,28.46,1638.3,-27.3853,-28.46
1980-KXVPM,1,0.7463,3553,75.05,95.06,1065.9,103.8064,171.415
8619-IJNDK,0,0.0097,4374,64.05,81.86,1312.2,-78.6739,-81.86
2960-NKRSO,0,0.3528,5421,85.95,108.14,1626.3,35.2845,-108.14
6705-LXORM,0,0.7378,2064,70.05,89.06,619.2,25.1474,-89.06
7130-VTEWQ,1,0.6731,4174,75.75,95.9,1252.2,114.8111,217.15
9364-YKUVW,0,0.1295,2681,19.8,28.76,804.3,-2.7279,-28.76
2761-OCIAX,1,0.7376,2803,74.7,94.64,840.9,60.4153,115.585
7996-BPXHY,0,0.0132,4734,25.0,35.0,1420.2,-30.3014,-35.0
4248-QPAVC,1,0.4865,3209,85.35,107.42,962.7,9.6679,133.255
9357-UJRUN,0,0.145,5428,58.35,75.02,1628.4,-15.9719,-75.02
6340-DACFT,0,0.0033,4878,20.55,29.66,1463.4,-28.4488,-29.66
1023-BQXZE,0,0.0378,5548,74.35,94.22,1664.4,-78.474,-94.22
5480-HPRRX,1,0.6109,3542,25.3,35.36,1062.6,126.9322,230.29
9576-SYUHJ,0,0.4382,3194,91.15,114.38,958.2,-9.417,-114.38
2169-RRLFW,0,0.0121,5063,25.6,35.72,1518.9,-31.143,-35.72
8338-QIUNR,0,0.0201,4397,66.5,84.8,1319.1,-78.1671,-84.8
0463-TXOAK,0,0.0033,5662,25.6,35.72,1698.6,-34.3352,-35.72
4396-KLSEH,0,0.3782,5918,19.85,28.82,1775.4,139.0558,-28.82
5186-EJEGL,0,0.2338,3628,69.5,88.4,1088.4,-24.7769,-88.4
9334-GWGOW,0,0.7369,2259,74.85,94.82,677.7,30.0291,-94.82
5696-JVVQY,0,0.0072,5476,70.1,89.12,1642.8,-86.1763,-89.12
9633-DENPU,0,0.1747,2613,58.6,75.32,783.9,-41.0768,-75.32
0581-BXBUB,0,0.6586,4503,72.75,92.3,1350.9,130.1297,-92.3
2750-BJLSB,0,0.1691,4543,103.7,129.44,1362.9,-71.8278,-129.44
2770-NSVDG,0,0.3464,4636,29.1,39.92,1390.8,80.5271,-39.92
8280-MQRQN,1,0.4899,2806,50.45,65.54,841.8,37.5667,144.91
7851-FLGGQ,1,0.5743,3704,44.65,58.58,1111.2,100.967,219.22
9374-YOLBJ,0,0.1162,2053,19.25,28.1,615.9,-10.2061,-28.1
6583-SZVGP,0,0.1293,5994,108.1,134.72,1798.2,-76.5948,-134.72
2150-OEGBV,0,0.0355,3428,20.1,29.12,1028.4,-19.982,-29.12
9372-TXXPS,0,0.0131,4029,59.85,76.82,1208.7,-72.8517,-76.82
6933-FHBZC,0,0.0903,3079,56.05,72.26,923.7,-51.4096,-72.26
4698-KVLLG,0,0.0118,4224,19.6,28.52,1267.2,-24.7689,-28.52
8752-STIVR,1,0.7902,2085,79.0,99.8,625.5,23.7618,56.575
8623-ULFNQ,0,0.3346,3225,66.05,84.26,967.5,-3.3338,-84.26
9822-WMWVG,0,0.32,4434,106.5,132.8,1330.2,-26.3884,-132.8
4304-TSPVK,0,0.0589,5782,114.9,142.88,1734.6,-117.3425,-142.88
1716-LSAMB,0,0.0036,5083,54.65,70.58,1524.9,-69.226,-70.58
3523-QRQLL,1,0.2073,5922,69.5,88.4,1776.6,3.6846,355.75
2187-PKZAY,0,0.5455,2968,79.95,100.94,890.4,20.4944,-100.94
1895-QTKDO,0,0.4137,5684,43.95,57.74,1705.2,118.6248,-57.74
8161-QYMTT,0,0.7798,5259,94.1,117.92,1577.7,189.6676,-117.92
2955-PSXOE,1,0.3169,3061,20.2,29.24,918.3,43.5098,200.335
6834-NXDCA,1,0.4298,2967,23.9,33.68,890.1,61.9682,188.845
8701-DGLVH,0,0.0114,6097,20.45,29.54,1829.1,-24.3185,-29.54
2480-SQIOB,0,0.2048,2114,44.8,58.76,634.2,-26.2894,-58.76
4993-JCRGJ,0,0.3584,5471,84.3,106.16,1641.3,40.9088,-106.16
0581-MDMPW,0,0.5052,5557,88.95,111.74,1667.1,98.8056,-111.74
7789-CRUVC,0,0.2108,5274,94.2,118.04,1582.2,-34.6683,-118.04
0164-APGRB,0,0.0777,4589,114.9,142.88,1376.7,-116.1384,-142.88
8034-RYTVV,0,0.135,5735,84.25,106.1,1720.5,-48.0358,-106.1
3018-TFTSU,1,0.3192,2850,81.7,103.04,855.0,-34.8026,110.71
9777-IQHWP,0,0.0154,6249,93.4,117.08,1874.7,-109.8591,-117.08
6899-PPEEA,1,0.6001,4448,96.55,120.86,1334.4,79.3338,212.74
6701-YVNQG,0,0.032,5764,88.7,111.44,1729.2,-97.6127,-111.44
7649-PHJVR,0,0.061,5825,19.5,28.4,1747.5,-1.771,-28.4
9278-VZKCD,0,0.536,4428,109.1,135.92,1328.4,42.0729,-135.92
7636-PEPNS,0,0.0166,5040,44.1,57.92,1512.0,-51.6473,-57.92
1575-KRZZE,0,0.3769,4042,55.2,71.24,1212.6,43.0089,-71.24
8590-OHDIW,0,0.0073,4686,20.3,29.36,1405.8,-26.7935,-29.36
7764-BDPEE,0,0.0609,5868,20.85,30.02,1760.4,-3.2131,-30.02
9480-BQJEI,0,0.1362,6468,92.3,115.76,1940.4,-49.6821,-115.76
3354-OADJP,0,0.0768,2237,54.25,70.1,671.1,-57.2172,-70.1
3181-MIZBN,0,0.0399,3677,19.75,28.7,1103.1,-17.7002,-28.7
9327-QSDED,0,0.2418,3266,43.55,57.26,979.8,1.9758,-57.26
4892-VLANZ,1,0.2499,5600,19.8,28.76,1680.0,76.2097,391.24
0298-XACET,0,0.0093,5396,50.2,65.24,1618.8,-61.4669,-65.24
6917-FIJHC,0,0.0161,5374,26.0,36.2,1612.2,-29.7222,-36.2
6557-BZXLQ,0,0.4328,5610,69.65,88.58,1683.0,93.5213,-88.58
2432-TFSMK,0,0.3617,2269,89.6,112.52,680.7,-50.9601,-112.52
4211-MMAZN,1,0.2501,2959,20.25,29.3,887.7,26.2065,192.625
4751-ERMAN,0,0.0417,4171,75.4,95.48,1251.3,-82.4315,-95.48
8430-TWCBX,0,0.0335,4074,20.7,29.84,1222.2,-19.6145,-29.84
1942-OQFRW,0,0.5045,2785,44.0,57.8,835.5,47.5872,-57.8
4075-JFPGR,0,0.2209,5561,93.5,117.2,1668.3,-25.0769,-117.2
3339-EAQNV,0,0.2349,6156,97.25,121.7,1846.8,-13.2555,-121.7
5329-KRDTM,0,0.0246,6202,77.35,97.82,1860.6,-86.3717,-97.82
0307-BCOPK,0,0.0469,4336,19.05,27.86,1300.8,-12.6106,-27.86
6473-ULUHT,0,0.0964,2269,84.9,106.88,680.7,-90.482,-106.88
1194-SPVSP,0,0.252,3625,19.65,28.58,1087.5,39.9215,-28.58
7249-WBIYX,1,0.766,5146,85.6,107.72,1543.8,187.9188,278.23
2293-IJWPS,0,0.3302,6354,100.75,125.9,1906.2,31.4518,-125.9
4377-VDHYI,0,0.0701,2722,90.8,113.96,816.6,-99.6463,-113.96
0019-EFAEP,0,0.0542,5513,101.3,126.56,1653.9,-104.1401,-126.56
2480-EJWYP,0,0.3068,6019,97.8,122.36,1805.7,16.1498,-122.36
8970-ANWXO,0,0.1816,3483,73.75,93.5,1044.9,-46.0721,-93.5
8739-WWKDU,1,0.5753,4849,89.5,112.4,1454.7,96.8228,251.275
2171-UDMFD,0,0.025,4363,19.45,28.34,1308.9,-20.1473,-28.34
7036-TYDEC,0,0.0902,5902,104.0,129.8,1770.6,-89.8821,-129.8
3831-YCPUO,0,0.0115,6419,109.5,136.4,1925.7,-130.8583,-136.4
0121-SNYRK,0,0.0601,5052,35.4,47.48,1515.6,-24.6927,-47.48
3325-FUYCG,1,0.3484,3770,106.1,132.32,1131.0,-33.8024,150.43
1952-DVVSW,0,0.0815,3509,20.1,29.12,1052.7,-7.6621,-29.12
3571-DPYUH,0,0.0472,5653,94.7,118.64,1695.9,-98.6239,-118.64
2077-MPJQO,0,0.7374,3533,75.4,95.48,1059.9,99.9118,-95.48
2391-SOORI,1,0.1231,5858,49.35,64.22,1757.4,-10.1365,375.13
4086-ATNFV,0,0.016,4522,60.8,77.96,1356.6,-72.544,-77.96
3396-DKDEL,0,0.0168,4388,115.15,143.18,1316.4,-137.6351,-143.18
7471-MQPOS,0,0.0158,6404,72.9,92.48,1921.2,-84.8681,-92.48
7181-OQCUT,0,0.4386,4520,103.85,129.62,1356.0,19.0684,-129.62
3489-VSFRD,0,0.0346,4835,60.25,77.3,1450.5,-64.7526,-77.3
6283-GITPX,0,0.0029,4633,76.9,97.28,1389.9,-96.2613,-97.28
2845-HSJCY,1,0.7201,4786,87.25,109.7,1435.8,148.7723,249.25
7216-KAOID,0,0.0068,2446,19.5,28.4,733.8,-27.151,-28.4
6680-WKXRZ,1,0.674,2054,74.4,94.28,616.2,9.5491,59.77
2346-LOCWC,0,0.0026,6186,20.5,29.6,1855.8,-28.3728,-29.6
0769-MURVM,0,0.0055,6187,65.7,83.84,1856.1,-81.2787,-83.84
3374-LXDEV,1,0.4212,2226,89.4,112.28,667.8,-41.9572,54.67
5318-YKDPV,0,0.0414,3716,79.15,99.98,1114.8,-88.4455,-99.98
8190-ZTQFB,0,0.2257,5622,51.35,66.62,1686.6,28.5462,-66.62
4512-ZUIYL,1,0.6067,2928,70.0,89.0,878.4,44.2392,130.6
3090-QFUVD,0,0.2508,2507,20.3,29.36,752.1,17.7904,-29.36
4806-KEXQR,1,0.7935,4669,79.9,100.88,1400.7,176.9833,249.295
2369-FEVNO,0,0.3144,4590,19.9,28.88,1377.0,79.3477,-28.88
9637-CDTKZ,0,0.0711,4965,114.1,141.92,1489.5,-115.4257,-141.92
2954-PIBKO,0,0.0214,5128,64.15,81.98,1538.4,-73.743,-81.98
2212-LYASK,0,0.2102,2068,45.85,60.02,620.4,-27.4237,-60.02
9481-SFCQY,0,0.0816,5962,59.8,76.76,1788.6,-40.2781,-76.76
2828-SLQPF,0,0.2235,4519,45.0,59.0,1355.7,16.7606,-59.0
4647-MUZON,0,0.6076,5009,95.95,120.14,1502.7,108.1271,-120.14
8212-DJRCH,0,0.3374,4014,90.35,113.42,1204.2,-11.8544,-113.42
0516-OOHAR,0,0.0708,3411,100.35,125.42,1023.3,-107.2967,-125.42
4973-RLZVI,0,0.045,5616,74.65,94.58,1684.8,-75.6435,-94.58
8089-UZWLX,0,0.0845,4113,104.05,129.86,1233.9,-103.7977,-129.86
9732-KPKBW,1,0.4329,2771,53.95,69.74,831.3,20.2371,138.085
9715-WZCLW,0,0.0333,4603,97.2,121.64,1380.9,-110.1538,-121.64
0257-KXZGU,0,0.0484,5442,62.45,79.94,1632.6,-60.1787,-79.94
0707-HOVVN,0,0.0271,6024,75.5,95.6,1807.2,-83.3616,-95.6
5501-TVMGM,0,0.6519,3255,55.25,71.3,976.5,87.8375,-71.3
3422-LYEPQ,1,0.8065,4207,71.0,90.2,1262.1,164.2588,225.325
2277-VWCNI,0,0.4821,3048,48.75,63.5,914.4,46.7019,-63.5
5461-QKNTN,0,0.4589,2040,94.3,118.16,612.0,-47.9532,-118.16
3967-KXAPS,0,0.0238,5136,92.3,115.76,1540.8,-106.5795,-115.76
6919-ELBGL,0,0.0747,6268,114.95,142.94,1880.4,-107.8346,-142.94
8361-LTMKD,1,0.7909,5839,74.4,94.28,1751.7,252.0757,343.645
1131-ALZWV,0,0.0522,4147,24.6,34.52,1244.1,-18.2801,-34.52
5178-LMXOP,1,0.9113,5795,95.1,119.12,1738.5,276.9492,315.505
8992-CEUEN,0,0.3245,5084,18.85,27.62,1525.2,96.0976,-27.62
3320-VEOYC,0,0.7283,3502,95.6,119.72,1050.6,71.5753,-119.72
3672-YITQD,1,0.6048,2987,84.1,105.92,896.1,29.5735,118.105
6080-TCMYC,0,0.1694,5370,81.2,102.44,1611.0,-34.2056,-102.44
6734-FQAJX,0,0.0668,4143,105.05,131.06,1242.9,-110.2954,-131.06
1063-DHQJF,0,0.0126,5817,92.15,115.58,1745.1,-110.0719,-115.58
3976-NLDEZ,0,0.2503,5370,20.6,29.72,1611.0,71.0714,-29.72
1729-VLAZJ,0,0.0221,2876,40.25,53.3,862.8,-48.5426,-53.3
3400-ESFUW,1,0.0149,5463,57.55,74.06,1638.9,-67.9688,335.665
5271-YNWVR,1,0.1095,4610,113.15,140.78,1383.0,-102.9127,204.97
1587-FKLZB,1,0.4624,4479,99.5,124.4,1343.7,30.9422,211.525
0958-YHXGP,0,0.504,4562,69.9,88.88,1368.6,83.5598,-88.88
1494-EJZDW,0,0.0086,2836,20.15,29.18,850.8,-27.351,-29.18
1816-FLZDK,0,0.4529,3923,29.15,39.98,1176.9,93.2684,-39.98
2075-PUEPR,0,0.0029,5248,19.35,28.22,1574.4,-27.0758,-28.22
1833-TCXKK,0,0.4925,3301,107.75,134.3,990.3,-12.3734,-134.3
1436-ZMJAN,0,0.4906,2709,67.8,86.36,812.7,13.3237,-86.36
0106-UGRDO,0,0.1082,4216,116.0,144.2,1264.8,-109.9836,-144.2
1069-XAIEM,1,0.8558,2975,85.05,107.06,892.5,83.8865,116.065
4213-HKBJO,0,0.0197,3378,25.7,35.84,1013.4,-30.861,-35.84
8345-MVDYC,0,0.0221,5937,81.65,102.98,1781.1,-93.157,-102.98
2672-OJQZP,0,0.4134,4118,44.75,58.7,1235.4,68.9735,-58.7
5136-RGMZO,0,0.2708,4443,71.05,90.26,1332.9,-0.0153,-90.26
5774-QPLTF,0,0.0095,6391,20.35,29.42,1917.3,-24.8776,-29.42
5240-CAOYT,0,0.1764,4882,87.55,110.06,1464.6,-45.4833,-110.06
3707-GNWHM,1,0.7482,4750,74.25,94.1,1425.0,172.4335,262.15
5159-YFPKQ,1,0.7511,5270,75.8,95.96,1581.0,200.9235,299.29
5052-PNLOS,1,0.8139,3662,105.35,131.42,1098.6,92.1105,143.23
6173-GOLSU,0,0.453,4228,94.65,118.58,1268.4,25.0654,-118.58
6661-HBGWL,1,0.4476,2984,104.75,130.7,895.2,-30.5191,93.1
8207-VVMYB,0,0.0173,6170,26.0,36.2,1851.0,-28.1927,-36.2
5324-KTGCG,0,0.0262,4837,20.85,30.02,1451.1,-20.5102,-30.02
7354-OIJLX,0,0.6588,5212,75.85,96.02,1563.6,161.5218,-96.02
9286-BHDQG,0,0.0141,5041,45.25,59.3,1512.3,-53.9616,-59.3
3567-PQTSO,0,0.1264,6365,105.25,131.3,1909.5,-70.9782,-131.3
3197-ARFOY,0,0.3673,3524,105.0,131.0,1057.2,-33.9332,-131.0
5698-BQJOH,1,0.3361,5571,94.4,118.28,1671.3,22.1335,299.545
1090-ESELR,0,0.0392,5534,105.5,131.6,1660.2,-115.3171,-131.6
0056-EPFBG,0,0.0142,3899,39.4,52.28,1169.7,-48.1215,-52.28
4955-VCWBI,0,0.0063,4882,20.0,29.0,1464.6,-26.677,-29.0
4717-GHADL,0,0.0579,5592,79.6,100.52,1677.6,-76.2479,-100.52
0058-EVZWM,0,0.3739,5875,89.8,112.76,1762.5,52.0075,-112.76
7218-HKQFK,1,0.8408,3715,94.2,118.04,1114.5,116.2248,160.585
5057-RKGLH,0,0.0088,5352,20.35,29.42,1605.6,-25.8701,-29.42
2309-OSFEU,1,0.4634,2529,33.9,45.68,758.7,42.2206,143.995
3429-IFLEM,0,0.0099,4846,77.35,97.82,1453.8,-94.2164,-97.82
1550-LOAHA,1,0.3471,4017,84.15,105.98,1205.1,-1.4202,195.295
1400-MMYXY,1,0.8965,2715,105.9,132.08,814.5,50.4791,71.545
7503-QQRVF,1,0.4628,2076,74.3,94.16,622.8,-22.1,61.54
7504-UWHNB,0,0.367,3080,69.75,88.7,924.0,-3.9233,-88.7
9565-JSNFM,1,0.1561,5437,70.45,89.54,1631.1,-25.8699,318.235
4735-BJKOU,0,0.0117,3915,20.15,29.18,1174.5,-25.746,-29.18
3580-GICBM,0,0.0046,6201,24.2,34.04,1860.3,-31.8977,-34.04
7632-YUTXB,0,0.0105,2010,20.05,29.06,603.0,-27.4786,-29.06
9412-ARGBX,1,0.0558,2459,95.5,119.6,737.7,-109.3042,64.825
9576-ANLXO,1,0.6736,2876,69.55,88.46,862.8,56.8439,127.24
1110-KYLGQ,0,0.2394,5331,108.25,134.9,1599.3,-39.1786,-134.9
8696-JKZNU,1,0.4568,5859,76.25,96.5,1757.7,104.2323,342.925
8757-TFHHJ,0,0.4136,2978,49.8,64.76,893.4,27.6193,-64.76
2955-BJZHG,1,0.5569,5174,80.85,102.02,1552.2,114.094,286.03
9048-JVYVF,1,0.6359,3520,69.35,88.22,1056.0,79.6596,175.78
0682-USIXD,0,0.5401,2937,86.05,108.26,881.1,10.7043,-108.26
3884-UEBXB,0,0.0046,6314,36.15,48.38,1894.2,-46.1873,-48.38
1776-SPBWV,0,0.0114,2272,20.1,29.12,681.6,-27.1761,-29.12
9050-QLROH,1,0.5492,2931,90.7,113.84,879.3,6.8855,105.985
2925-VDZHY,0,0.0051,4641,88.7,111.44,1392.3,-109.6727,-111.44
9512-UIBFX,1,0.5285,4643,95.15,119.18,1392.9,64.8525,229.045
8676-TRMJS,1,0.6721,3190,75.0,95.0,957.0,65.8043,144.25
3334-CTHOL,1,0.575,2041,49.95,64.94,612.3,23.0845,88.135
6331-LWDTQ,1,0.5063,2457,72.15,91.58,737.1,1.712,92.695
3847-BAERP,0,0.1644,4905,20.9,30.08,1471.5,30.3811,-30.08
4709-LKHYG,0,0.0619,3800,20.0,29.0,1140.0,-11.364,-29.0
8621-MNIHH,1,0.589,3369,94.25,118.1,1010.7,30.7151,134.575
8884-ADFVN,1,0.8296,2016,101.95,127.34,604.8,-1.9025,23.86
2885-HIJDH,0,0.0062,4667,86.9,109.28,1400.1,-107.1117,-109.28
8570-KLJYJ,0,0.0581,4462,54.45,70.34,1338.6,-50.8824,-70.34
9339-FIIJL,0,0.0323,6450,85.95,108.14,1935.0,-92.4951,-108.14
6223-DHJGV,0,0.0318,5956,20.65,29.78,1786.8,-15.5634,-29.78
0959-WHOKV,0,0.2241,2887,99.0,123.8,866.1,-75.2826,-123.8
9610-WCESF,0,0.0257,6344,43.9,57.68,1903.2,-45.4485,-57.68
9279-CJEOJ,0,0.6107,5691,95.4,119.48,1707.3,141.1788,-119.48
2985-FMWYF,0,0.6722,4861,93.5,117.2,1458.3,127.8655,-117.2
3540-RZJYU,1,0.4203,5829,86.2,108.44,1748.7,75.2905,328.735
2522-WLNSF,0,0.0823,2225,64.2,82.04,667.5,-68.3055,-82.04
6861-XWTWQ,1,0.8286,2487,99.25,124.1,746.1,30.4613,62.425
8735-NBLWT,0,0.0294,4195,20.4,29.48,1258.5,-20.2365,-29.48
1744-JHKYS,0,0.1449,3421,24.7,34.64,1026.3,2.5269,-34.64
0841-NULXI,1,0.7456,3958,35.55,47.66,1187.4,173.6651,249.19
4016-BJKTZ,0,0.1732,4398,108.9,135.68,1319.4,-78.5523,-135.68
9298-WGMRW,0,0.0724,4697,115.5,143.6,1409.1,-118.0969,-143.6
7893-IXHRQ,1,0.3253,5636,20.55,29.66,1690.8,107.8354,393.04
8785-CJSHH,0,0.5542,6213,99.8,124.76,1863.9,133.4872,-124.76
7654-YWJUF,0,0.105,4382,84.25,106.1,1314.6,-71.588,-106.1
8909-BOLNL,0,0.1292,2088,21.2,30.44,626.4,-10.2034,-30.44
9919-FZDED,0,0.043,4671,84.1,105.92,1401.3,-90.8537,-105.92
0322-CHQRU,1,0.4984,3478,45.35,59.42,1043.4,70.5804,201.43
3587-PMCOY,0,0.4461,4614,98.9,123.68,1384.2,30.7082,-123.68
0655-RBDUG,1,0.7095,2561,98.05,122.66,768.3,13.6206,69.415
0983-TATYJ,0,0.0851,4935,51.45,66.74,1480.5,-35.2254,-66.74
5650-YLIBA,0,0.4586,3031,81.15,102.38,909.3,1.8794,-102.38
5144-TVGLP,0,0.5141,3654,94.75,118.7,1096.2,22.2,-118.7
3569-EDBPQ,0,0.3813,2198,84.35,106.22,659.4,-43.3546,-106.22
4945-RVMTE,0,0.2289,3354,59.55,76.46,1006.2,-18.8771,-76.46
3511-BFTJW,0,0.004,4710,38.5,51.2,1413.0,-49.795,-51.2
5537-UXXVS,0,0.1116,4137,19.25,28.1,1241.1,6.5188,-28.1
8782-NUUOL,0,0.0402,4807,79.0,99.8,1442.1,-85.2997,-99.8
2865-TCHJW,1,0.842,5808,89.2,112.04,1742.4,254.7537,323.56
9931-KGHOA,0,0.1186,5928,55.0,71.0,1778.4,-18.2714,-71.0
3071-MVJCD,0,0.0177,4162,82.3,103.76,1248.6,-98.2249,-103.76
7279-BUYWN,1,0.4686,3380,113.2,140.84,1014.0,-22.0579,112.66
3756-VNWDH,0,0.3057,4368,100.75,125.9,1310.4,-25.7447,-125.9
1395-OFUWC,0,0.0394,4741,29.3,40.16,1422.3,-26.1386,-40.16
4223-BKEOR,0,0.0816,3302,64.85,82.82,990.6,-62.6175,-82.82
0040-HALCW,0,0.003,6393,20.4,29.48,1917.9,-28.0631,-29.48
7124-UGSUR,1,0.2908,4412,104.4,130.28,1323.6,-34.0549,200.62
7395-XWZOY,0,0.2169,4481,55.0,71.0,1344.3,1.8835,-71.0
5440-VHLUL,0,0.1567,6247,105.2,131.24,1874.1,-57.8208,-131.24
4706-DGAHW,0,0.5154,4576,45.2,59.24,1372.8,117.6364,-59.24
8166-ORCHU,0,0.2157,4414,93.55,117.26,1324.2,-45.8466,-117.26
3978-YNKDD,0,0.0045,2654,20.85,30.02,796.2,-29.1339,-30.02
7198-GLXTC,1,0.7426,5239,79.0,99.8,1571.7,191.9894,293.125
6366-XIVKZ,0,0.0813,5916,63.15,80.78,1774.8,-44.7049,-80.78
5133-POWUA,0,0.4931,2614,45.8,59.96,784.2,36.7077,-59.96
8400-WZICQ,0,0.0265,4149,55.7,71.84,1244.7,-63.6037,-71.84
5382-SOYZL,0,0.6781,3729,95.1,119.12,1118.7,70.5244,-119.12
1989-PRJHP,1,0.5917,2377,75.5,95.6,713.1,9.8783,82.675
4154-AQUGT,1,0.486,3861,89.05,111.86,1158.3,28.8849,177.715
0980-FEXWF,0,0.0218,3386,50.35,65.42,1015.8,-59.8787,-65.42
5845-BZZIB,0,0.0038,4517,20.1,29.12,1355.1,-27.8407,-29.12
4840-ORQXB,0,0.4387,5128,104.75,130.7,1538.4,38.0229,-130.7
0295-PPHDO,1,0.8821,5962,95.45,119.54,1788.6,274.8788,327.61
8775-ERLNB,0,0.8114,2968,74.3,94.16,890.4,86.4608,-94.16
0376-YMCJC,1,0.5355,4359,90.6,113.72,1307.7,61.3606,213.205
7410-YTJIK,1,0.5047,2872,75.45,95.54,861.6,13.1791,119.86
9927-DSWDF,0,0.496,2429,104.6,130.52,728.7,-40.1624,-130.52
6681-ZSEXG,0,0.0354,5477,59.5,76.4,1643.1,-61.8666,-76.4
5702-KVQRD,0,0.0383,4668,82.55,104.06,1400.4,-90.6596,-104.06
8711-LOBKY,0,0.0026,6144,19.85,28.82,1843.2,-27.6432,-28.82
9692-TUSXH,1,0.5519,5581,96.05,120.26,1674.3,110.7529,298.315
4012-YCFAI,0,0.018,6174,61.35,78.62,1852.2,-70.2933,-78.62
8455-HIRAQ,0,0.2424,4909,44.45,58.34,1472.7,30.894,-58.34
7853-WNZSY,0,0.315,5809,19.75,28.7,1742.7,108.5421,-28.7
0390-DCFDQ,1,0.3822,3964,70.45,89.54,1189.2,24.0925,207.76
6421-SZVEM,0,0.0606,5802,82.85,104.42,1740.6,-78.0523,-104.42
3094-JOJAI,0,0.3995,2643,74.15,93.98,792.9,-14.7919,-93.98
4873-ILOLJ,1,0.5915,5546,90.35,113.42,1663.8,132.6002,302.53
8181-YHCMF,0,0.0381,4864,60.3,77.36,1459.2,-63.4758,-77.36
3324-OIRTO,0,0.0324,6101,104.65,130.58,1830.3,-115.7699,-130.58
9135-HSWOC,0,0.0031,5431,19.7,28.64,1629.3,-27.3683,-28.64
2272-WUSPA,0,0.1273,4848,110.75,137.9,1454.4,-91.6031,-137.9
4627-MIHJH,0,0.0498,4948,110.25,137.3,1484.4,-118.8128,-137.3
3896-RCYYE,0,0.1733,5990,53.4,69.08,1797.0,8.7766,-69.08
6729-GDNGC,0,0.3891,3111,80.7,101.84,933.3,-11.0483,-101.84
9945-PSVIP,0,0.0068,2289,18.7,27.44,686.7,-26.2645,-27.44
4137-JOPHL,0,0.0778,5306,89.7,112.64,1591.8,-81.6695,-112.64
2720-FVBQP,0,0.2427,3061,48.95,63.74,918.3,-8.0122,-63.74
7854-EKTJL,1,0.1171,2843,19.6,28.52,852.9,-3.5473,184.705
1133-KXCGE,0,0.0446,2910,20.1,29.12,873.0,-19.3954,-29.12
6048-QBXKL,0,0.5483,2069,56.55,72.86,620.7,12.2186,-72.86
6338-AVWCY,1,0.6509,4710,40.15,53.18,1413.0,176.7599,300.07
0013-MHZWF,0,0.1054,5108,69.4,88.28,1532.4,-47.9069,-88.28
9804-ICWBG,1,0.7576,3349,69.9,88.88,1004.7,101.4187,162.295
2368-GAKKQ,0,0.0578,6424,113.65,141.38,1927.2,-113.5083,-141.38
4829-AUOAX,1,0.3657,2712,96.05,120.26,813.6,-45.8671,83.14
7876-BEUTG,0,0.3049,2577,48.8,63.56,773.1,-4.6347,-63.56
6349-JDHQP,0,0.0108,6338,19.85,28.82,1901.4,-23.6851,-28.82
3063-QFSZL,1,0.6519,2294,55.4,71.48,688.2,40.6869,100.57
9142-XMYJH,0,0.0683,5227,19.35,28.22,1568.1,-1.4501,-28.22
2609-IAICY,1,0.8123,2756,77.15,97.58,826.8,70.3293,109.12
8626-PTQGE,0,0.0289,5388,60.05,77.06,1616.4,-65.3954,-77.06
0230-UBYPQ,0,0.0436,5089,36.1,48.32,1526.7,-31.6979,-48.32
6814-ZPWFQ,0,0.0347,5896,25.0,35.0,1768.8,-19.6736,-35.0
5921-NGYRH,0,0.1993,5018,73.55,93.26,1505.4,-18.2516,-93.26
7803-XOCCZ,0,0.0513,6099,84.05,105.86,1829.7,-82.3826,-105.86
1459-QNFQT,0,0.0296,4031,59.5,76.4,1209.3,-67.4461,-76.4
3948-FVVRP,0,0.0546,2848,54.8,70.76,854.4,-59.1033,-70.76
0923-PNFUB,1,0.7141,4852,83.75,105.5,1455.6,154.375,258.4
4654-ULTTN,0,0.0285,6447,74.8,94.76,1934.1,-80.9996,-94.76
5628-FCGYG,0,0.6199,4649,84.1,105.92,1394.7,110.2162,-105.92
0506-LVNGN,1,0.6669,4028,75.55,95.66,1208.4,105.8131,206.44
4329-YPDDQ,0,0.3508,2102,108.2,134.84,630.6,-79.5345,-134.84
9866-OCCKE,0,0.0821,6010,109.75,136.7,1803.0,-99.6885,-136.7
0794-YVSGE,0,0.0018,5265,20.3,29.36,1579.5,-28.6459,-29.36
4342-HENTK,1,0.7599,2189,70.65,89.78,656.7,34.9722,74.395
5934-TSSAU,0,0.1365,5903,75.3,95.36,1770.9,-34.9155,-95.36
9986-BONCE,1,0.2368,5822,20.95,30.14,1746.6,73.245,406.51
5301-GAUUY,1,0.3642,5974,80.35,101.42,1792.2,61.7433,346.63
0725-CXOTM,0,0.1046,4844,89.65,112.58,1453.2,-74.5674,-112.58
2843-CQMEG,0,0.181,2911,49.7,64.64,873.3,-25.1308,-64.64
5600-PDUJF,0,0.3894,5552,49.5,64.4,1665.6,97.7262,-64.4
4500-HKANN,0,0.0481,3464,59.7,76.64,1039.2,-64.1339,-76.64
1862-QRWPE,0,0.0126,4124,20.65,29.78,1237.2,-25.8791,-29.78
2155-AMQRX,0,0.1903,2885,54.9,70.88,865.5,-29.7098,-70.88
0823-HSCDJ,1,0.3611,5597,49.15,63.98,1679.1,87.603,355.795
4090-KPJIP,0,0.8033,3641,74.95,94.94,1092.3,124.4233,-94.94
2737-YNGYW,1,0.7467,2856,80.55,101.66,856.8,58.2809,112.54
5619-XZZKR,0,0.1257,2195,19.95,28.94,658.5,-8.2405,-28.94
6047-YHPVI,1,0.3667,2454,69.7,88.64,736.2,-21.1512,95.41
8375-DKEBR,1,0.7643,3438,69.6,88.52,1031.4,108.5463,169.33
7729-XBTWX,0,0.0029,4485,19.75,28.7,1345.5,-27.7236,-28.7
4983-CLMLV,0,0.4424,4044,102.7,128.24,1213.2,5.9519,-128.24
9227-LUNBG,1,0.6145,5768,24.6,34.52,1730.4,231.2955,398.08
2758-RNWXS,0,0.1753,4446,89.2,112.04,1333.8,-53.5745,-112.04
7055-HNEOJ,0,0.4764,2662,55.8,71.96,798.6,23.1608,-71.96
7134-MJPDY,0,0.1862,5569,102.85,128.42,1670.7,-50.649,-128.42
4560-WQAQW,0,0.0434,4244,68.7,87.44,1273.2,-73.6353,-87.44
8532-UEFWH,0,0.0043,4676,25.75,35.9,1402.8,-34.3868,-35.9
8541-QVFKM,0,0.6636,5777,73.5,93.2,1733.1,194.3044,-93.2
7129-ACFOG,0,0.557,2182,53.8,69.56,654.6,21.5887,-69.56
2495-INZWQ,1,0.7792,5605,44.55,58.46,1681.5,269.1101,361.915
0263-FJTQO,0,0.0102,4022,70.5,89.6,1206.6,-86.5354,-89.6
0181-RITDD,0,0.0107,5298,108.15,134.78,1589.4,-130.5466,-134.78
8241-JUIQO,0,0.0184,4559,19.45,28.34,1367.7,-22.0526,-28.34
0913-XWSCN,0,0.1105,6411,85.5,107.6,1923.3,-54.476,-107.6
2159-TURXX,0,0.2299,2483,20.05,29.06,744.9,13.7517,-29.06
6461-PPAXN,0,0.0604,4858,54.95,70.94,1457.4,-48.9305,-70.94
1452-KIOVK,0,0.1674,4459,89.1,111.92,1337.7,-55.9357,-111.92
1139-WUOAH,0,0.0423,5461,53.35,69.02,1638.3,-51.6838,-69.02
3207-OYBWH,1,0.422,6259,95.25,119.3,1877.7,78.7846,350.125
8347-GDTMP,0,0.0105,5113,19.45,28.34,1533.9,-24.316,-28.34
9909-DFRJA,0,0.1571,3834,95.85,120.02,1150.2,-74.8379,-120.02
6383-ZTSIW,0,0.1723,4599,99.1,123.92,1379.7,-64.5062,-123.92
5438-QMDDL,0,0.311,3652,59.8,76.76,1095.6,8.4304,-76.76
8914-RBTSB,1,0.5166,4115,93.8,117.56,1234.5,41.8659,191.065
6164-HXUGH,0,0.0732,5060,19.85,28.82,1518.0,-1.0354,-28.82
6900-RBKER,0,0.1271,5386,89.45,112.34,1615.8,-61.0033,-112.34
1492-QGCLU,0,0.057,5957,85.7,107.84,1787.1,-82.3744,-107.84
6664-FPDAC,1,0.2799,4060,111.95,139.34,1218.0,-54.1077,165.16
1088-AUUZZ,0,0.008,5314,75.85,96.02,1594.2,-92.8186,-96.02
6651-AZVTJ,1,0.6477,6088,99.8,124.76,1826.4,170.9772,331.84
8219-VYBVI,0,0.0035,4295,25.0,35.0,1288.5,-33.8662,-35.0
0310-MVLET,1,0.5469,5612,99.15,123.98,1683.6,106.21,296.92
7233-IOQNP,0,0.1082,5409,34.0,45.8,1622.7,-1.9089,-45.8
7311-MQJCH,0,0.1681,2575,19.55,28.46,772.5,4.0024,-28.46
9256-JTBNZ,0,0.1231,4188,20.3,29.36,1256.4,9.3164,-29.36
8713-IGZSO,0,0.3091,5983,24.85,34.82,1794.9,103.8831,-34.82
6821-BUXUX,1,0.5637,2110,96.65,120.98,633.0,-31.7736,37.27
9114-DPSIA,0,0.0039,4237,81.0,102.2,1271.1,-100.9758,-102.2
4501-UYKBC,0,0.0866,3856,69.1,87.92,1156.8,-62.8864,-87.92
2798-NYLMZ,0,0.0802,4111,108.55,135.26,1233.3,-110.5268,-135.26
6711-VTNRE,1,0.3732,2558,87.55,110.06,767.4,-38.4686,81.79
5966-EMAZU,0,0.1825,4576,108.5,135.2,1372.8,-72.5491,-135.2
3627-FHKBK,1,0.5326,3244,75.3,95.36,973.2,34.2243,147.94
7861-UVUFT,1,0.6429,4003,84.3,106.16,1200.9,86.8593,194.065
9824-QCJPK,0,0.036,4175,20.0,29.0,1252.5,-17.7182,-29.0
7816-VGHTO,0,0.0373,2866,40.55,53.66,859.8,-45.6435,-53.66
3794-NFNCH,0,0.2191,4715,50.0,65.0,1414.5,12.4862,-65.0
3877-JRJIP,1,0.718,4017,59.85,76.82,1205.1,139.4898,224.455
5228-EXCET,1,0.5941,5964,80.85,102.02,1789.2,163.7427,345.28
6248-BSHKG,0,0.0051,5897,20.4,29.48,1769.1,-27.236,-29.48
8915-NNTRC,0,0.0159,4351,107.7,134.24,1305.3,-129.0652,-134.24
3470-OBUET,0,0.0042,4188,74.0,93.8,1256.4,-92.4673,-93.8
3229-USWAR,0,0.0808,3570,79.95,100.94,1071.0,-79.3061,-100.94
1927-QEWMY,0,0.0084,6302,20.5,29.6,1890.6,-25.6095,-29.6
6374-AFWOX,0,0.0143,2680,65.65,83.78,804.0,-80.898,-83.78
7912-SYRQT,1,0.5863,5514,75.1,95.12,1654.2,147.3291,318.43
2070-FNEXE,1,0.1048,4419,76.45,96.74,1325.7,-61.9962,234.685
5803-NQJZO,0,0.018,5242,67.8,86.36,1572.6,-79.2764,-86.36
5651-YLPRD,0,0.1776,4970,86.1,108.32,1491.0,-42.1362,-108.32
1271-UODNO,0,0.0372,2380,53.85,69.62,714.0,-62.9879,-69.62
5014-WUQMG,0,0.0484,5793,96.1,120.32,1737.9,-99.28,-120.32
5889-JTMUL,1,0.5544,5863,95.05,119.06,1758.9,124.7159,320.665
0788-DXBFY,0,0.0505,4801,19.55,28.46,1440.3,-10.2884,-28.46
2669-QVCRG,0,0.2671,2299,81.3,102.56,689.7,-56.5083,-102.56
6630-UJZMY,0,0.8769,5251,83.25,104.9,1575.3,240.4433,-104.9
5061-PBXFW,0,0.0199,2649,61.4,78.68,794.7,-74.7295,-78.68
2700-LUEVA,0,0.251,2791,20.75,29.9,837.3,22.6308,-29.9
3865-ZFZIB,0,0.0207,5596,19.65,28.58,1678.8,-19.8943,-28.58
0471-ARVMX,0,0.3191,5061,104.85,130.82,1518.3,-9.6987,-130.82
8985-OOPOS,0,0.3014,2900,74.1,93.92,870.0,-28.358,-93.92
0719-SYFRB,1,0.2265,5670,61.65,78.98,1701.0,17.35,346.27
0447-BEMNG,1,0.2057,4926,45.3,59.36,1477.8,16.6459,310.09
5630-AHZIL,0,0.1221,5613,64.5,82.4,1683.9,-31.0013,-82.4
2190-BCXEC,0,0.3396,5257,78.85,99.62,1577.1,34.2804,-99.62
1559-DTODC,0,0.3087,3784,25.15,35.18,1135.2,52.4181,-35.18
3244-DCJWY,1,0.7578,4133,70.25,89.3,1239.9,145.591,220.675
3967-VQOGC,0,0.0039,5847,24.9,34.88,1754.1,-33.1628,-34.88
0265-PSUAE,0,0.1511,3337,100.7,125.84,1001.1,-88.0113,-125.84
1622-HSHSF,0,0.3142,5607,19.55,28.46,1682.1,103.6781,-28.46
9867-XOBQA,0,0.0088,3461,53.15,68.78,1038.3,-66.4847,-68.78
6773-LQTVT,0,0.0787,4107,35.65,47.78,1232.1,-23.5421,-47.78
4332-MUOEZ,0,0.1777,2574,94.3,118.16,772.2,-83.8485,-118.16
0023-XUOPT,1,0.6285,2973,94.1,117.92,891.9,22.2297,105.055
6543-CPZMK,1,0.5332,2573,29.95,40.94,771.9,61.9599,152.035
6418-HNFED,0,0.0394,5340,83.25,104.9,1602.0,-89.1053,-104.9
1036-GUDCL,0,0.0299,5275,79.05,99.86,1582.5,-88.024,-99.86
4818-QIUFN,1,0.4864,4997,79.15,99.98,1499.1,82.3016,274.795
0778-NELLA,1,0.4686,5352,34.7,46.64,1605.6,141.4483,354.76
7495-OOKFY,1,0.2585,5302,80.65,101.78,1590.6,1.0249,295.87
4737-HOBAX,0,0.0443,4073,79.8,100.76,1221.9,-87.2227,-100.76
7919-ZODZZ,0,0.0603,5289,65.9,84.08,1586.7,-60.1465,-84.08
2988-PLAHS,0,0.52,2754,69.95,88.94,826.2,18.466,-88.94
9067-SQTNS,0,0.0063,2471,20.6,29.72,741.3,-28.5542,-29.72
6483-OATDN,0,0.0817,2545,51.3,66.56,763.5,-50.9609,-66.56
5469-CTCWN,1,0.2954,4334,106.0,132.2,1300.2,-36.1701,192.85
3524-WQDSG,0,0.1887,3280,99.3,124.16,984.0,-77.7471,-124.16
6968-URWQU,0,0.11,4928,56.35,72.62,1478.4,-31.9728,-72.62
8601-QACRS,1,0.546,2353,50.6,65.72,705.9,30.6315,110.755
8690-UPCZI,0,0.0204,4459,69.05,87.86,1337.7,-81.031,-87.86
5331-RGMTT,0,0.5376,4011,99.05,123.86,1203.3,37.8682,-123.86
1357-BIJKI,0,0.4298,5154,98.25,122.9,1546.2,43.2256,-122.9
2088-IEBAU,0,0.0385,5531,88.15,110.78,1659.3,-94.8171,-110.78
0679-IDSTG,1,0.8115,4568,69.25,88.1,1370.4,189.9335,254.5
6519-ZHPXP,0,0.0115,4183,108.3,134.96,1254.9,-131.3395,-134.96
2101-RANCD,0,0.3967,5832,73.1,92.72,1749.6,80.8022,-92.72
4029-HPFVY,0,0.6721,4275,70.3,89.36,1282.5,126.1453,-89.36
1015-OWJKI,0,0.2496,5279,19.05,27.86,1583.7,70.9702,-27.86
8314-HTWVE,0,0.0093,3973,19.85,28.82,1191.9,-26.037,-28.82
5357-TZHPP,1,0.6488,5745,84.4,106.28,1723.5,173.27,324.595
8727-XDPUD,0,0.0543,5658,35.8,47.96,1697.4,-24.8995,-47.96
9073-ZZIAY,0,0.0316,5769,86.1,108.32,1730.7,-94.6648,-108.32
5181-OABFK,0,0.0057,4173,61.3,78.56,1251.9,-76.7901,-78.56
3812-LRZIR,0,0.0094,2645,24.5,34.4,793.5,-32.5314,-34.4
5204-HMGYF,0,0.0191,4567,87.2,109.64,1370.1,-103.0914,-109.64
9950-MTGYX,0,0.0064,2948,20.3,29.36,884.4,-27.9525,-29.36
3675-EQOZA,0,0.2315,5597,20.65,29.78,1679.1,67.3941,-29.78
3646-ITDGM,0,0.01,4831,19.7,28.64,1449.3,-25.0012,-28.64
3913-FCUUW,0,0.004,4463,70.45,89.54,1338.9,-88.2139,-89.54
